id,scan_result_id,severity,title,description,rule_id,file_path,line_start,line_end,recommendation
c0c135c3-28e8-45c1-ac0a-d75ce2b04587,ca1e9dfa-c728-4b0d-a4a6-bd4ee8e6ceed,high,SQL Injection detectado en parametro de busqueda,Left over no first join talk month poor want.,semgrep.CWE-089,src/Controllers/NotificationController.cs,17,17,Usar consultas parametrizadas con Entity Framework o Dapper.
8c2a14c1-e4fc-4487-a683-c61798096082,ca1e9dfa-c728-4b0d-a4a6-bd4ee8e6ceed,low,API Key generica expuesta en codigo fuente,Forget enough buy particularly receive involve city leg vote.,gitleaks.generic-api-key,src/Config/SearchConfig.cs,288,294,Externalizar la API Key a variables de entorno o un vault.
8cf353d9-bedd-47a3-aa39-bb5ab8cc39f9,60f5d0b5-dc7b-460c-afc0-bcc2e40baf3f,critical,Cross-Site Scripting (XSS) en renderizado de input de usuario,Capital middle information sense article me short share prove important argue.,semgrep.CWE-079,src/Views/AuthView.cshtml,48,60,Sanitizar y escapar el input antes de renderizarlo.
a5573d13-f432-4bb9-aecb-f819ceee2ed5,60f5d0b5-dc7b-460c-afc0-bcc2e40baf3f,high,Credencial hardcodeada en codigo fuente,Majority east serve morning energy question seven cover seven not outside run leg people inside call.,semgrep.CWE-798,src/Repositories/ReportRepository.cs,136,137,Eliminar la credencial del codigo y usar un gestor de secretos.
90dc4fec-5a82-4ecf-b7e1-be27dbcbc32e,db6320f7-197a-42a9-b15f-481107109976,critical,Metodo demasiado largo (>100 lineas),Himself five adult minute cost statement article else just edge through Democrat unit.,sonar.long-method,src/Services/AuthService.cs,283,292,Dividir el metodo en unidades mas pequenas y cohesivas.
0f8b5f6d-d7f1-4847-840c-c1d956b3d3dc,5370e8ef-ae4a-41c6-a3b1-e343bec8e885,info,Dependencia con vulnerabilidad conocida (paquete desactualizado),Break whatever down similar one strong tree common something open southern modern research.,trivy.CVE-2024-1234,src/Scan.csproj,286,293,Actualizar el paquete a la ultima version parcheada.
cfe20070-55e1-4cd3-a1c4-b4dd13c721a0,5d2b5628-0181-42e1-a1da-7d7fed468a9d,high,Bloque de codigo duplicado detectado,Very I inside drive Republican standard toward director contain drop fine assume million.,sonar.duplicate-code,src/Helpers/SearchHelper.cs,162,174,Extraer la logica comun a un metodo/clase compartida.
82640da2-ca68-4bc5-8eae-7e0a527c1fcc,5d2b5628-0181-42e1-a1da-7d7fed468a9d,low,Convencion de nombres no respetada,Baby only line believe red else yes evening what benefit.,sonar.naming-convention,src/Models/ReportModel.cs,109,124,Renombrar siguiendo la convencion PascalCase del proyecto.
773e8f2b-58c5-43e4-b60a-09a1f1ef1ad4,46dc0739-22fd-4984-a851-4f5fa2673534,high,Dependencia con vulnerabilidad conocida (paquete desactualizado),Green how its particular door occur charge election safe.,trivy.CVE-2024-1234,src/Report.csproj,113,117,Actualizar el paquete a la ultima version parcheada.
cc2099b4-5b96-48ab-aee6-7f519fc97a48,2cede1c2-40a8-47d4-9c27-d3bbd2de813b,high,Bloque de codigo duplicado detectado,Worry character beautiful spend out American magazine those item thousand remember.,sonar.duplicate-code,src/Helpers/PaymentHelper.cs,217,219,Extraer la logica comun a un metodo/clase compartida.
19c5636f-3636-42bf-8186-1e576e7509b1,2cede1c2-40a8-47d4-9c27-d3bbd2de813b,medium,Convencion de nombres no respetada,Final represent produce start ever participant even agreement lose movement common way state beyond.,sonar.naming-convention,src/Models/ScanModel.cs,284,284,Renombrar siguiendo la convencion PascalCase del proyecto.
1a459953-7fa9-4cb0-b868-454926c3d823,6628f32c-22c7-4424-b0fb-77aefc81bfdd,medium,Credencial hardcodeada en codigo fuente,Commercial become story number that surface ball minute ok conference.,semgrep.CWE-798,src/Repositories/PaymentRepository.cs,260,263,Eliminar la credencial del codigo y usar un gestor de secretos.
45bfae4a-ac99-4453-aee1-e7bd370c59d8,6628f32c-22c7-4424-b0fb-77aefc81bfdd,medium,Cross-Site Scripting (XSS) en renderizado de input de usuario,Former from pull lawyer throughout foot step professional these stuff you kitchen different apply.,semgrep.CWE-079,src/Views/UserView.cshtml,79,90,Sanitizar y escapar el input antes de renderizarlo.
abcd07ec-8e63-4209-84e2-58d2581f03d4,817288ba-1ef2-4fde-8abe-12e44080f7ac,high,Convencion de nombres no respetada,Fear threat his rock floor former gas oil down assume business.,sonar.naming-convention,src/Models/SearchModel.cs,166,181,Renombrar siguiendo la convencion PascalCase del proyecto.
d158b3a6-5568-4b4e-adcd-5ed609950aff,817288ba-1ef2-4fde-8abe-12e44080f7ac,medium,Variable declarada pero nunca utilizada,Hour too stock probably his common until decade little recognize walk on.,sonar.unused-variable,src/Controllers/UserController.cs,30,37,Eliminar la variable no utilizada.
a5081ed6-a5ea-4784-b569-1b6e793c71cd,e9cfa1b7-4846-467d-af25-74336b5d466b,medium,Credencial hardcodeada en codigo fuente,Best support democratic window why six him door industry both rather.,semgrep.CWE-798,src/Repositories/NotificationRepository.cs,109,115,Eliminar la credencial del codigo y usar un gestor de secretos.
6108d276-d0b1-432c-b01e-b130c8d6908a,e9cfa1b7-4846-467d-af25-74336b5d466b,medium,Cross-Site Scripting (XSS) en renderizado de input de usuario,Fast car six decade anyone cover weight must her kind dream.,semgrep.CWE-079,src/Views/NotificationView.cshtml,192,206,Sanitizar y escapar el input antes de renderizarlo.
23686c51-e864-4548-af53-61ab00cc2ed5,508ba018-fec1-47d8-8840-e889949fb3dd,high,Credencial expuesta en variable de entorno hardcodeada,Sometimes market trial score throw owner believe him.,gitleaks.aws-access-key,src/Services/AuthService.cs,50,63,Mover la credencial a un Kubernetes Secret.
63e4042e-0c80-4562-bcee-964b51aa7ca3,508ba018-fec1-47d8-8840-e889949fb3dd,medium,Dependencia con vulnerabilidad conocida (paquete desactualizado),Near base right probably dark man imagine agency increase.,trivy.CVE-2024-1234,src/Search.csproj,51,52,Actualizar el paquete a la ultima version parcheada.
1c0cafb8-f2d7-4dc2-b700-4fd60b3259c6,3fa4258f-8289-461c-8a36-775ee4e6547e,high,Complejidad ciclomatica excesiva en metodo,Family performance red mother member decade serious others property threat often leader middle will the.,sonar.complexity-high,src/Services/UserService.cs,99,105,Refactorizar el metodo dividiendolo en funciones mas pequenas.
7778fed2-8d2c-4400-8c7c-d7f3410db13a,c38c9cc6-f45c-4ea2-9af4-19dfcb8d7348,low,Bloque de codigo duplicado detectado,Appear design hard return office force star sound put.,sonar.duplicate-code,src/Helpers/ScanHelper.cs,112,113,Extraer la logica comun a un metodo/clase compartida.
c7db789d-56a1-412c-b51c-d0d3dfda353a,c38c9cc6-f45c-4ea2-9af4-19dfcb8d7348,medium,Convencion de nombres no respetada,Study will campaign billion clear per article discuss community reveal nature policy wide watch account under.,sonar.naming-convention,src/Models/SearchModel.cs,161,162,Renombrar siguiendo la convencion PascalCase del proyecto.
af46b076-c49b-442f-93b7-9740254f4382,e6426425-eee3-488d-9a8e-edbeef848719,high,Metodo demasiado largo (>100 lineas),Present hear pattern detail now be time suddenly.,sonar.long-method,src/Services/AuthService.cs,292,299,Dividir el metodo en unidades mas pequenas y cohesivas.
c1199b82-3c8e-4f46-8643-75f9b17791e0,31c55264-5abb-48e5-a8bf-39e6ff04a184,info,Complejidad ciclomatica excesiva en metodo,Likely set million property return yourself far.,sonar.complexity-high,src/Services/SearchService.cs,235,238,Refactorizar el metodo dividiendolo en funciones mas pequenas.
c54faa76-66e4-42d6-903d-cc789d8c935d,31c55264-5abb-48e5-a8bf-39e6ff04a184,low,Convencion de nombres no respetada,When else seek dog hotel especially lay relationship follow go attorney situation wall.,sonar.naming-convention,src/Models/UserModel.cs,260,268,Renombrar siguiendo la convencion PascalCase del proyecto.
d8b52dc4-d149-46fb-b9fe-5339546134a7,dd7282ed-dab4-41a1-9818-d2d6b5a1ca17,medium,Complejidad ciclomatica excesiva en metodo,Piece continue couple cultural industry call suddenly government.,sonar.complexity-high,src/Services/PaymentService.cs,136,139,Refactorizar el metodo dividiendolo en funciones mas pequenas.
be87aef3-4eac-4e82-88a8-8251be29e918,dd7282ed-dab4-41a1-9818-d2d6b5a1ca17,low,Convencion de nombres no respetada,Doctor yourself main position recent across believe company war sense even.,sonar.naming-convention,src/Models/PaymentModel.cs,140,149,Renombrar siguiendo la convencion PascalCase del proyecto.
c8c75028-173e-4e71-a404-76b44ca8a8e9,4ebacdfc-9d4f-4804-bac6-fc395a20bc9b,high,SQL Injection detectado en parametro de busqueda,Fire necessary head these whatever government respond grow level feel.,semgrep.CWE-089,src/Controllers/NotificationController.cs,142,143,Usar consultas parametrizadas con Entity Framework o Dapper.
318774cc-a252-4b31-acf0-b8b5fb710ddb,4ebacdfc-9d4f-4804-bac6-fc395a20bc9b,low,Cookie de sesion sin flag Secure/HttpOnly,Central happen skill bit style thing strong marriage system condition right election behavior look successful.,zap.insecure-cookie,src/Middleware/ScanMiddleware.cs,83,97,"Configurar las cookies con los flags Secure, HttpOnly y SameSite."
50ea17cf-782d-472c-ae13-30632a28ffc7,8d90616d-e992-4811-a669-e64108e08757,low,Bloque de codigo duplicado detectado,Direction present easy letter open floor live participant likely.,sonar.duplicate-code,src/Helpers/SearchHelper.cs,190,194,Extraer la logica comun a un metodo/clase compartida.
e25e0c33-fbf8-452d-b779-4325e471599d,e109010a-4011-420d-b5e7-c1d8733b58a3,high,Bloque de codigo duplicado detectado,Any mind particular claim price hear stuff each room manage look really actually.,sonar.duplicate-code,src/Helpers/UserHelper.cs,13,19,Extraer la logica comun a un metodo/clase compartida.
b0c09794-ae8e-40fd-9c57-b60bbf6305e1,e109010a-4011-420d-b5e7-c1d8733b58a3,medium,Complejidad ciclomatica excesiva en metodo,What recent sea possible exist black blood each born.,sonar.complexity-high,src/Services/ScanService.cs,180,192,Refactorizar el metodo dividiendolo en funciones mas pequenas.
590c0509-b6ce-4bfe-a0f4-59346b9a0760,baf51a68-5500-4c80-8675-5f5090d1b6e5,high,Metodo demasiado largo (>100 lineas),Into second yeah firm college clearly citizen market interview doctor guy.,sonar.long-method,src/Services/AuthService.cs,198,204,Dividir el metodo en unidades mas pequenas y cohesivas.
716be484-142d-4605-b50a-ed0f8fb95a2f,baf51a68-5500-4c80-8675-5f5090d1b6e5,medium,Complejidad ciclomatica excesiva en metodo,Strategy year focus recent real ability best deep.,sonar.complexity-high,src/Services/UserService.cs,187,200,Refactorizar el metodo dividiendolo en funciones mas pequenas.
7b8d0fbf-07da-4f66-925d-82f44b3fe7fd,cb6f4d51-f1c3-4f90-9554-51f2faeadb46,info,Metodo demasiado largo (>100 lineas),Early music industry customer bed couple happen able book.,sonar.long-method,src/Services/StorageService.cs,110,125,Dividir el metodo en unidades mas pequenas y cohesivas.
e3087b67-0cb9-49b0-a35f-fb52b21b1b11,cb6f4d51-f1c3-4f90-9554-51f2faeadb46,medium,Bloque de codigo duplicado detectado,Wife always visit store student little later unit national course main generation cultural above.,sonar.duplicate-code,src/Helpers/AuthHelper.cs,146,156,Extraer la logica comun a un metodo/clase compartida.
5c27a218-09a3-4924-ae1f-f1276d03e241,a0574496-c9f2-4d93-ba8f-b01ff67c2a46,high,Metodo demasiado largo (>100 lineas),Sure job day trial them somebody staff point receive network paper next part me describe apply.,sonar.long-method,src/Services/NotificationService.cs,295,301,Dividir el metodo en unidades mas pequenas y cohesivas.
d11b17dd-08e7-4e2c-b041-3e4abb827edb,b2a5ef54-596d-491d-aadb-4f01aa805c2f,low,API Key generica expuesta en codigo fuente,Modern car positive boy leg on great whose pressure discussion task adult woman plan other discussion.,gitleaks.generic-api-key,src/Config/UserConfig.cs,63,77,Externalizar la API Key a variables de entorno o un vault.
9ebb525f-bc1b-4127-a2ad-2a5a0146eb8b,b2a5ef54-596d-491d-aadb-4f01aa805c2f,low,Credencial hardcodeada en codigo fuente,Support tax total determine dark be present owner product teach officer.,semgrep.CWE-798,src/Repositories/StorageRepository.cs,272,282,Eliminar la credencial del codigo y usar un gestor de secretos.
58ba47da-b275-457a-ac2a-47fd66c24e9e,8304c480-cada-4ab8-a385-1cdc8e199bca,medium,Metodo demasiado largo (>100 lineas),International simple message head step south figure person page begin whole without rise middle letter cold.,sonar.long-method,src/Services/PaymentService.cs,244,258,Dividir el metodo en unidades mas pequenas y cohesivas.
35a808bc-5a4d-4e6c-8a0c-71d321e66a9c,8304c480-cada-4ab8-a385-1cdc8e199bca,info,Bloque de codigo duplicado detectado,Win full most form next ok able election group near upon consumer project real.,sonar.duplicate-code,src/Helpers/ScanHelper.cs,267,282,Extraer la logica comun a un metodo/clase compartida.
b7e9e1c2-229b-4317-847c-84a22e2b3706,79985404-b72d-4e31-9a1b-1b8b7dcbfb65,high,Cookie de sesion sin flag Secure/HttpOnly,Wonder contain call since hold bit decade federal politics maybe push theory once item yes tonight.,zap.insecure-cookie,src/Middleware/SearchMiddleware.cs,295,307,"Configurar las cookies con los flags Secure, HttpOnly y SameSite."
ed28372e-baef-41c5-b73f-c816f3fa7a21,79985404-b72d-4e31-9a1b-1b8b7dcbfb65,medium,Cross-Site Scripting (XSS) en renderizado de input de usuario,Trial service special method hair agency account serve theory before.,semgrep.CWE-079,src/Views/NotificationView.cshtml,215,222,Sanitizar y escapar el input antes de renderizarlo.
c2fd1063-4cef-4ae7-970a-313bfeab460e,658768af-891c-4611-a610-8fd43a713c8d,info,Variable declarada pero nunca utilizada,Fight college significant news institution suggest represent money table.,sonar.unused-variable,src/Controllers/NotificationController.cs,130,132,Eliminar la variable no utilizada.
3e0732dd-7333-4430-ac53-f57e14ddcd07,658768af-891c-4611-a610-8fd43a713c8d,info,Complejidad ciclomatica excesiva en metodo,Everybody blue responsibility family sister can meeting image factor nature important.,sonar.complexity-high,src/Services/SearchService.cs,180,187,Refactorizar el metodo dividiendolo en funciones mas pequenas.
30454864-1cf3-4792-9fbe-9a8c142d30a5,cd2c5c1d-ccdd-479a-9990-6082184ba63a,medium,Credencial expuesta en variable de entorno hardcodeada,Their to building more turn trial over indeed show about need chance reveal well available.,gitleaks.aws-access-key,src/Services/StorageService.cs,132,143,Mover la credencial a un Kubernetes Secret.
f8c38d75-104b-4a2c-8b8f-7ce141a72c68,baf8b290-81d4-4a6e-9857-c39cffcbe822,critical,Complejidad ciclomatica excesiva en metodo,Stock onto alone woman president suggest if get require deal sound couple issue.,sonar.complexity-high,src/Services/PaymentService.cs,160,163,Refactorizar el metodo dividiendolo en funciones mas pequenas.
548c57eb-730c-4411-b3ab-5cd6020eaa1c,e697ba8a-decf-43cb-8bd1-a7eaa44d4203,medium,Complejidad ciclomatica excesiva en metodo,Relationship name realize itself medical door use necessary paper pick.,sonar.complexity-high,src/Services/ReportService.cs,273,286,Refactorizar el metodo dividiendolo en funciones mas pequenas.
9d4d4c2b-8b13-4833-b86a-1f3f6dfd603b,caa18bdc-5a9a-4815-bad7-6c9b94014b3a,high,Variable declarada pero nunca utilizada,Service great best them value range economy during as player usually care event owner.,sonar.unused-variable,src/Controllers/SearchController.cs,265,271,Eliminar la variable no utilizada.
6251dacf-4285-4ed3-8e96-5feb619352b2,caa18bdc-5a9a-4815-bad7-6c9b94014b3a,medium,Metodo demasiado largo (>100 lineas),Public middle page school stuff fall mention material small baby yard security rule statement energy professional.,sonar.long-method,src/Services/UserService.cs,244,259,Dividir el metodo en unidades mas pequenas y cohesivas.
fa979fb4-4569-4928-be21-4ac2cdc9d736,13b581cd-c9c1-4036-8236-4ca455a05bd8,info,Cookie de sesion sin flag Secure/HttpOnly,Partner huge would finally nearly likely different happen room crime appear bit back what society.,zap.insecure-cookie,src/Middleware/ReportMiddleware.cs,181,195,"Configurar las cookies con los flags Secure, HttpOnly y SameSite."
036cfc38-4883-4da0-a330-5952ea12a26f,13b581cd-c9c1-4036-8236-4ca455a05bd8,info,Cross-Site Scripting (XSS) en renderizado de input de usuario,Above front window pressure shoulder pay end herself affect.,semgrep.CWE-079,src/Views/ScanView.cshtml,119,122,Sanitizar y escapar el input antes de renderizarlo.
f8307bb3-8dfe-444c-b5b4-35409826d0d2,a7c1a147-ad0e-4891-8cda-c1b9b0528d25,low,Bloque de codigo duplicado detectado,Fire in spring fly field air vote industry fact sure.,sonar.duplicate-code,src/Helpers/StorageHelper.cs,142,151,Extraer la logica comun a un metodo/clase compartida.
619ecefd-39b0-4ae4-b1cb-b181dd8bbb95,1c959907-d5f0-4262-9da1-3048547c11d5,high,SQL Injection detectado en parametro de busqueda,Through bit end who event cold choice break nor list executive nice movie assume born.,semgrep.CWE-089,src/Controllers/AuthController.cs,206,221,Usar consultas parametrizadas con Entity Framework o Dapper.
b1994de8-0b26-449a-8b39-d9e74cf44ea1,1c959907-d5f0-4262-9da1-3048547c11d5,low,Credencial expuesta en variable de entorno hardcodeada,Within past drug team allow buy bank general chance realize.,gitleaks.aws-access-key,src/Services/PaymentService.cs,289,298,Mover la credencial a un Kubernetes Secret.
3b8863b8-929b-422b-adfb-cabbf3340f09,b70ce963-277c-4205-8510-a0c2eaf01441,high,Dependencia con vulnerabilidad conocida (paquete desactualizado),Deep argue always cover knowledge coach chance be night public almost night clearly man drop.,trivy.CVE-2024-1234,src/Scan.csproj,292,293,Actualizar el paquete a la ultima version parcheada.
14e1e624-505f-4734-9f51-58fff91ed4cd,d2694b80-aac7-411c-b997-848787ca41d2,low,Variable declarada pero nunca utilizada,Stage operation way strong remember beyond course.,sonar.unused-variable,src/Controllers/ScanController.cs,233,235,Eliminar la variable no utilizada.
32d0fe65-e8f5-46ef-a88d-4f6049e30de9,6401a2dc-37c7-4e81-bdc7-c14bf3b3d25b,medium,API Key generica expuesta en codigo fuente,Free style training music himself group home best race.,gitleaks.generic-api-key,src/Config/StorageConfig.cs,225,227,Externalizar la API Key a variables de entorno o un vault.
3a1b1c38-02e4-49bc-8343-350693cd473c,6401a2dc-37c7-4e81-bdc7-c14bf3b3d25b,medium,SQL Injection detectado en parametro de busqueda,Daughter agreement player cultural economic account allow not heart economic parent seven method statement behind which.,semgrep.CWE-089,src/Controllers/NotificationController.cs,166,174,Usar consultas parametrizadas con Entity Framework o Dapper.
f327da79-d4d4-49be-b9e2-57bfc5d25461,bb1df1e8-9acd-43e2-9a25-d3bd6dc6a67b,critical,Convencion de nombres no respetada,Serve against night fill prove material bag almost media.,sonar.naming-convention,src/Models/SearchModel.cs,138,139,Renombrar siguiendo la convencion PascalCase del proyecto.
dc9f605c-dd1a-488c-8f38-6bc8d28a1186,803aed71-e20c-42a4-8f83-07426c2c7531,critical,Dependencia con vulnerabilidad conocida (paquete desactualizado),Civil federal hundred give five respond nation in list land main.,trivy.CVE-2024-1234,src/Report.csproj,210,220,Actualizar el paquete a la ultima version parcheada.
aeda4f56-d3c6-44b1-a928-a0bbdddcf9a7,803aed71-e20c-42a4-8f83-07426c2c7531,high,SQL Injection detectado en parametro de busqueda,Forget fear money receive school inside determine capital play evening.,semgrep.CWE-089,src/Controllers/PaymentController.cs,169,182,Usar consultas parametrizadas con Entity Framework o Dapper.
f1b191fa-699e-48c2-b0df-d69d244efa30,3cc7828a-a40b-4df3-a7c8-4c8a0b1975d4,critical,Convencion de nombres no respetada,Everything customer worry sense team thousand where brother even my.,sonar.naming-convention,src/Models/SearchModel.cs,233,235,Renombrar siguiendo la convencion PascalCase del proyecto.
690f8e22-4c80-4d2e-a68d-b44ad2545b67,3cc7828a-a40b-4df3-a7c8-4c8a0b1975d4,high,Variable declarada pero nunca utilizada,Region rate environmental behind tonight discuss place impact teach.,sonar.unused-variable,src/Controllers/AuthController.cs,207,207,Eliminar la variable no utilizada.
850cc18e-2668-48e7-99c0-dd8fb477d1f1,2bba8cb7-fbac-4615-84c0-51a817d8865f,high,Complejidad ciclomatica excesiva en metodo,Finally model involve determine should raise control run spring believe some young player even official.,sonar.complexity-high,src/Services/ScanService.cs,213,223,Refactorizar el metodo dividiendolo en funciones mas pequenas.
c897a899-6066-4415-89a4-61a34507dff1,e39e8449-0342-42a9-adff-948eba29a18e,medium,Credencial hardcodeada en codigo fuente,Measure just American rich central media laugh successful hair could upon.,semgrep.CWE-798,src/Repositories/NotificationRepository.cs,234,244,Eliminar la credencial del codigo y usar un gestor de secretos.
4a66d869-7d74-4f4b-8724-8450f71bc7d7,e39e8449-0342-42a9-adff-948eba29a18e,low,Cookie de sesion sin flag Secure/HttpOnly,Campaign growth wall call production fear tell professional identify generation term enjoy those serious human.,zap.insecure-cookie,src/Middleware/UserMiddleware.cs,293,305,"Configurar las cookies con los flags Secure, HttpOnly y SameSite."
a98658ad-a306-4931-bb78-15ae999ef76f,42e7817c-32f4-4f26-b69f-562b60719793,low,Credencial hardcodeada en codigo fuente,Enter middle body determine whole beat sing car purpose community.,semgrep.CWE-798,src/Repositories/StorageRepository.cs,52,66,Eliminar la credencial del codigo y usar un gestor de secretos.
a597aaaa-bb50-4a17-b479-801f1051a28e,42e7817c-32f4-4f26-b69f-562b60719793,low,Cookie de sesion sin flag Secure/HttpOnly,End be avoid have road consumer offer century art be wish attack well.,zap.insecure-cookie,src/Middleware/PaymentMiddleware.cs,210,214,"Configurar las cookies con los flags Secure, HttpOnly y SameSite."
bc88dc90-07fb-4e58-b351-9780e40e5a68,2005323f-cf49-41a6-8315-b3b1a66dc3f2,critical,Variable declarada pero nunca utilizada,Identify future evening believe present young century run lawyer.,sonar.unused-variable,src/Controllers/NotificationController.cs,42,52,Eliminar la variable no utilizada.
c2930fb4-da22-45a6-a6e7-6b919fb85907,6d54a002-4c7d-498a-890d-33da2f0439a3,low,Cookie de sesion sin flag Secure/HttpOnly,Simple game because foot fill girl next process local message.,zap.insecure-cookie,src/Middleware/AuthMiddleware.cs,223,226,"Configurar las cookies con los flags Secure, HttpOnly y SameSite."
e0f53963-38ec-41d8-acbf-69b05cc166d0,6d54a002-4c7d-498a-890d-33da2f0439a3,medium,Cookie de sesion sin flag Secure/HttpOnly,Future herself long discussion available eight practice defense power life six.,zap.insecure-cookie,src/Middleware/AuthMiddleware.cs,228,233,"Configurar las cookies con los flags Secure, HttpOnly y SameSite."
b5c87ae9-76cf-4744-9a0c-436ef0c6377d,fab3cb65-6f6f-4cd8-80fc-03bd40144b49,low,Credencial expuesta en variable de entorno hardcodeada,Chance class partner tonight dog crime bank practice human cause manage case.,gitleaks.aws-access-key,src/Services/AuthService.cs,196,203,Mover la credencial a un Kubernetes Secret.
a9ea343a-94d7-4eea-87dc-47541eb41376,a479efa6-c6e0-4bd4-b74c-c27e7ea42603,critical,Variable declarada pero nunca utilizada,Light him analysis sense his often analysis role join.,sonar.unused-variable,src/Controllers/SearchController.cs,203,211,Eliminar la variable no utilizada.
35fdb34c-14ea-455c-aa8d-40fc8bac4765,a479efa6-c6e0-4bd4-b74c-c27e7ea42603,high,Complejidad ciclomatica excesiva en metodo,After wind production responsibility citizen push community inside language particularly will.,sonar.complexity-high,src/Services/StorageService.cs,147,154,Refactorizar el metodo dividiendolo en funciones mas pequenas.
3f734d02-33e4-421f-94e1-d76b30bf403a,f128dcd3-2445-48da-acac-a1a8a8b5fc91,info,SQL Injection detectado en parametro de busqueda,Person firm six measure teach up tough exactly player.,semgrep.CWE-089,src/Controllers/ReportController.cs,68,70,Usar consultas parametrizadas con Entity Framework o Dapper.
304cbf38-71fa-4ad2-ba80-e2158e32acf9,f128dcd3-2445-48da-acac-a1a8a8b5fc91,info,Cross-Site Scripting (XSS) en renderizado de input de usuario,Realize probably thought only television recognize history behavior sound stop keep market.,semgrep.CWE-079,src/Views/NotificationView.cshtml,90,96,Sanitizar y escapar el input antes de renderizarlo.
21024dd4-579d-411a-b581-294d66cd0c4c,2cfdc41a-32ef-4b15-9445-7e86dbc03862,high,Variable declarada pero nunca utilizada,Score effort national mouth someone detail indicate minute door.,sonar.unused-variable,src/Controllers/ScanController.cs,85,93,Eliminar la variable no utilizada.
33e4c7fa-32ba-404f-aa91-b3665bf79d04,cee4aabc-998e-48a0-801d-2f60f2932328,critical,SQL Injection detectado en parametro de busqueda,Drug parent return traditional face money then his statement guy.,semgrep.CWE-089,src/Controllers/UserController.cs,242,242,Usar consultas parametrizadas con Entity Framework o Dapper.
41ff1343-30bb-458c-8346-7d491f325507,315e9c46-2255-496e-8942-d674b83ce3fa,medium,Metodo demasiado largo (>100 lineas),Necessary practice deep professional agent prepare blue perform audience recognize back experience short.,sonar.long-method,src/Services/ScanService.cs,210,213,Dividir el metodo en unidades mas pequenas y cohesivas.
816fe489-2271-467a-8d59-28eb88d8f399,0a6a1bab-3584-4633-a930-0bc96531604e,critical,Cookie de sesion sin flag Secure/HttpOnly,Kind letter happy join loss toward leader.,zap.insecure-cookie,src/Middleware/NotificationMiddleware.cs,80,93,"Configurar las cookies con los flags Secure, HttpOnly y SameSite."
4a9d2b94-56ca-4b9e-b56a-17555e68e31d,10df8986-4d55-4a0e-afc9-2dd3fcf6480d,critical,Variable declarada pero nunca utilizada,Treat stock eat and experience land middle activity through way modern.,sonar.unused-variable,src/Controllers/SearchController.cs,190,196,Eliminar la variable no utilizada.
25eb11bb-488f-4f1d-bad0-ef1a6e9c6bbf,9c7c02cb-3e48-4643-a868-3f1886eed567,high,Convencion de nombres no respetada,Become trial discussion enough quite special well let loss bank moment present.,sonar.naming-convention,src/Models/UserModel.cs,111,118,Renombrar siguiendo la convencion PascalCase del proyecto.
4f645ac8-bd25-486d-a82d-77ce77969a56,9c7c02cb-3e48-4643-a868-3f1886eed567,low,Convencion de nombres no respetada,North week for happy girl when pass stuff animal black.,sonar.naming-convention,src/Models/SearchModel.cs,142,146,Renombrar siguiendo la convencion PascalCase del proyecto.
c09d4e3f-e451-4563-8322-08e3953eb8c1,bf0241ed-4393-484f-97b6-f7e7dedc2329,low,Cross-Site Scripting (XSS) en renderizado de input de usuario,Technology nothing interview together traditional police save ten.,semgrep.CWE-079,src/Views/SearchView.cshtml,65,78,Sanitizar y escapar el input antes de renderizarlo.
84ae7c64-0d76-44b4-859d-6ea0aa148df7,915b07eb-47a7-47b8-bf26-52b55d7b7681,info,Cookie de sesion sin flag Secure/HttpOnly,Throw pay focus grow physical difference technology.,zap.insecure-cookie,src/Middleware/SearchMiddleware.cs,32,47,"Configurar las cookies con los flags Secure, HttpOnly y SameSite."
e9c27ab7-5b0a-447f-88a7-b0450aedfe3e,915b07eb-47a7-47b8-bf26-52b55d7b7681,info,Dependencia con vulnerabilidad conocida (paquete desactualizado),Enter reduce building give authority like million present who suddenly east may.,trivy.CVE-2024-1234,src/Auth.csproj,252,266,Actualizar el paquete a la ultima version parcheada.
9b465765-95e0-4261-b0f3-dd66df4ba417,a6554311-c853-4795-a99f-5e339e5385c3,info,Variable declarada pero nunca utilizada,Plant word assume game grow style senior ago nor purpose score.,sonar.unused-variable,src/Controllers/ScanController.cs,192,196,Eliminar la variable no utilizada.
5e55ccce-e675-4fa0-aad9-bf851c97d2d3,a6554311-c853-4795-a99f-5e339e5385c3,medium,Metodo demasiado largo (>100 lineas),Agreement strong team huge trade my daughter per if laugh camera.,sonar.long-method,src/Services/AuthService.cs,47,49,Dividir el metodo en unidades mas pequenas y cohesivas.
6fba8d2d-3591-4253-ac7a-7e8cb73de75a,40c5d394-c7bf-488e-8c8e-6075fb92abb9,high,Metodo demasiado largo (>100 lineas),Health environment world back low old low charge.,sonar.long-method,src/Services/SearchService.cs,148,157,Dividir el metodo en unidades mas pequenas y cohesivas.
1a238332-64d0-4d1b-9825-51512d297266,40c5d394-c7bf-488e-8c8e-6075fb92abb9,low,Bloque de codigo duplicado detectado,Any president money first avoid city east language claim statement large model space area.,sonar.duplicate-code,src/Helpers/StorageHelper.cs,115,118,Extraer la logica comun a un metodo/clase compartida.
a787222b-50fa-4a08-9795-681097401d1f,f0ad1e4e-fd90-422a-b417-3bd61bc873c9,low,Bloque de codigo duplicado detectado,Former dark environment maintain place president health back her agreement later town.,sonar.duplicate-code,src/Helpers/ScanHelper.cs,159,169,Extraer la logica comun a un metodo/clase compartida.
59d2d9a4-b26d-4531-9862-f93bdd22270e,f0ad1e4e-fd90-422a-b417-3bd61bc873c9,info,Complejidad ciclomatica excesiva en metodo,Account receive theory use always hard structure list mother strong.,sonar.complexity-high,src/Services/PaymentService.cs,74,86,Refactorizar el metodo dividiendolo en funciones mas pequenas.
c661e8b3-f920-4ee8-b141-59d4721ebf10,acc0bf5d-ec07-4feb-9f34-6a3c1ef77695,low,Bloque de codigo duplicado detectado,Nature serve message yourself peace read light data something.,sonar.duplicate-code,src/Helpers/PaymentHelper.cs,26,28,Extraer la logica comun a un metodo/clase compartida.
990e94e2-318c-47c2-80ae-ab0a2da51838,d2069685-10cd-4137-8268-fcf1256d7aed,low,Bloque de codigo duplicado detectado,Pay often message memory because level reflect sense no indeed.,sonar.duplicate-code,src/Helpers/NotificationHelper.cs,29,29,Extraer la logica comun a un metodo/clase compartida.
67711ee6-e274-46f5-b1ba-1c08c6f68909,d2069685-10cd-4137-8268-fcf1256d7aed,low,Variable declarada pero nunca utilizada,Television someone charge left benefit effect in sell pattern level.,sonar.unused-variable,src/Controllers/UserController.cs,71,79,Eliminar la variable no utilizada.
c5bcba97-f827-4b1b-b486-7eb6c69ea177,d03b92b5-2ef9-428b-b368-7360390caed2,low,Dependencia con vulnerabilidad conocida (paquete desactualizado),Computer north there rich record bad best person culture might enjoy.,trivy.CVE-2024-1234,src/Search.csproj,224,224,Actualizar el paquete a la ultima version parcheada.
0cf37f3d-818a-4df2-93d2-fd4b0d37c8d5,d03b92b5-2ef9-428b-b368-7360390caed2,info,SQL Injection detectado en parametro de busqueda,Accept low everything within series girl dark technology detail.,semgrep.CWE-089,src/Controllers/ReportController.cs,295,308,Usar consultas parametrizadas con Entity Framework o Dapper.
1b07648c-d8d4-464b-8a51-0324821743f4,ca60e443-b4eb-4817-ac7e-d4ff7fbf018b,low,Metodo demasiado largo (>100 lineas),Cell responsibility instead citizen turn player skin respond even term write discover.,sonar.long-method,src/Services/SearchService.cs,167,172,Dividir el metodo en unidades mas pequenas y cohesivas.
45366439-7a3d-4e57-9c08-d2c9c19dc4b0,ca60e443-b4eb-4817-ac7e-d4ff7fbf018b,medium,Metodo demasiado largo (>100 lineas),Chair than last ten dog book ever way cell a thought budget way.,sonar.long-method,src/Services/ReportService.cs,46,59,Dividir el metodo en unidades mas pequenas y cohesivas.
f3ff86fd-61fd-443b-a92b-8e65dbc9a7ee,eadddb99-ea64-4386-ae0d-64e267adb633,info,Bloque de codigo duplicado detectado,Concern many third sign next get specific call piece case.,sonar.duplicate-code,src/Helpers/UserHelper.cs,53,57,Extraer la logica comun a un metodo/clase compartida.
6db74ad0-a97c-4837-a712-daa3c39090aa,eadddb99-ea64-4386-ae0d-64e267adb633,info,Bloque de codigo duplicado detectado,Dream scientist before cell debate firm east nature day them himself floor religious company.,sonar.duplicate-code,src/Helpers/PaymentHelper.cs,79,81,Extraer la logica comun a un metodo/clase compartida.
fb5f7690-4263-47de-a989-9ba6409e8127,fcc26ddf-be67-4542-817d-155687bdd42d,medium,Cross-Site Scripting (XSS) en renderizado de input de usuario,Nice identify sport garden class full oil brother situation best tonight keep stay sometimes.,semgrep.CWE-079,src/Views/PaymentView.cshtml,226,228,Sanitizar y escapar el input antes de renderizarlo.
2733775a-1311-434f-818e-351eff86706c,fcc26ddf-be67-4542-817d-155687bdd42d,info,Dependencia con vulnerabilidad conocida (paquete desactualizado),Military five simply culture level say little account could.,trivy.CVE-2024-1234,src/Scan.csproj,141,142,Actualizar el paquete a la ultima version parcheada.
97af16da-af62-4653-988e-c94f21317234,981196d4-6bde-4be8-ac77-b53707f8227e,critical,Cookie de sesion sin flag Secure/HttpOnly,Someone reflect board politics seven teach happen foot minute son college.,zap.insecure-cookie,src/Middleware/SearchMiddleware.cs,231,237,"Configurar las cookies con los flags Secure, HttpOnly y SameSite."
463da1e1-4f4f-4e0e-b592-91c2379004a8,981196d4-6bde-4be8-ac77-b53707f8227e,high,Dependencia con vulnerabilidad conocida (paquete desactualizado),Everything relationship type myself eight camera board body red.,trivy.CVE-2024-1234,src/Payment.csproj,32,46,Actualizar el paquete a la ultima version parcheada.
e1d1bfc7-d442-4070-8390-dd50abf73150,bd1757da-8e60-4855-a665-204d33dd159b,high,Complejidad ciclomatica excesiva en metodo,Save three in hear however leader because than little level least mission grow bag indeed.,sonar.complexity-high,src/Services/PaymentService.cs,21,28,Refactorizar el metodo dividiendolo en funciones mas pequenas.
048fb3d9-c93a-4464-98ad-65791cb1123c,ab499271-a4fe-4e3d-a9c7-12f07da47a65,low,Cross-Site Scripting (XSS) en renderizado de input de usuario,Last dog feeling also future rise world like high yet student political to machine.,semgrep.CWE-079,src/Views/AuthView.cshtml,286,298,Sanitizar y escapar el input antes de renderizarlo.
ea8e074c-8c4a-474a-abe8-dc7f1547d31c,ab499271-a4fe-4e3d-a9c7-12f07da47a65,info,Cross-Site Scripting (XSS) en renderizado de input de usuario,Realize change affect less these involve she art college hour different.,semgrep.CWE-079,src/Views/PaymentView.cshtml,171,173,Sanitizar y escapar el input antes de renderizarlo.
b298faa8-d9f9-4a30-9265-c086e8f861e9,f7449061-4d46-490c-be28-ec25c78b99ec,high,Variable declarada pero nunca utilizada,Think she pressure strong start describe shoulder almost skill could.,sonar.unused-variable,src/Controllers/NotificationController.cs,67,69,Eliminar la variable no utilizada.
46a6a29c-8ef3-48e2-b350-4c3b6780f9b2,f7449061-4d46-490c-be28-ec25c78b99ec,medium,Variable declarada pero nunca utilizada,Feel whatever lot room show edge individual crime data us.,sonar.unused-variable,src/Controllers/PaymentController.cs,270,272,Eliminar la variable no utilizada.
2d63aabb-1474-49b5-aff0-6f2f2e4a5f20,9eeb6b09-96f1-41cf-853f-d0d456530fb0,high,Metodo demasiado largo (>100 lineas),Walk where although gun source clear better hair dog student cause.,sonar.long-method,src/Services/UserService.cs,189,203,Dividir el metodo en unidades mas pequenas y cohesivas.
9a64ae69-f8aa-409a-9d51-b61c421bbfe8,9eeb6b09-96f1-41cf-853f-d0d456530fb0,medium,Metodo demasiado largo (>100 lineas),Human number large class kind employee choice decision mouth simple push response son fly western.,sonar.long-method,src/Services/NotificationService.cs,83,89,Dividir el metodo en unidades mas pequenas y cohesivas.
18a4cdc2-ba8f-49f2-b021-ebff2eb4a461,1a297140-d02b-4ece-a2ba-3daf549097f2,info,Credencial expuesta en variable de entorno hardcodeada,Community marriage only idea important safe animal try sport raise partner still.,gitleaks.aws-access-key,src/Services/ScanService.cs,63,64,Mover la credencial a un Kubernetes Secret.
10e02d41-3042-4317-b55f-c29b72069a9c,2594ceea-ac76-42c4-aee6-2a66a36f8f5b,high,Metodo demasiado largo (>100 lineas),Class cut investment gas chance executive past yeah day attack discover view that energy side.,sonar.long-method,src/Services/AuthService.cs,57,72,Dividir el metodo en unidades mas pequenas y cohesivas.
c5e24257-e2aa-4481-a818-f84c87caa9cd,c049ab35-508c-4161-9eb2-7855ce62b14c,low,Convencion de nombres no respetada,Indeed blood energy four leg him run still black visit.,sonar.naming-convention,src/Models/SearchModel.cs,200,215,Renombrar siguiendo la convencion PascalCase del proyecto.
1a174d75-4d4e-4c02-9456-f9e9bad9ca1a,c049ab35-508c-4161-9eb2-7855ce62b14c,low,Metodo demasiado largo (>100 lineas),Store usually court thus perhaps discuss method little truth activity magazine partner accept.,sonar.long-method,src/Services/ReportService.cs,130,130,Dividir el metodo en unidades mas pequenas y cohesivas.
3358e153-3c82-4364-a0ed-8bf63503d5fe,b5a6d610-026f-4343-9704-6f05810e089c,medium,Metodo demasiado largo (>100 lineas),Interest physical carry hot along seven senior sit last party fact.,sonar.long-method,src/Services/PaymentService.cs,70,72,Dividir el metodo en unidades mas pequenas y cohesivas.
b82f36d1-d195-4b8f-a9fd-76088a2f6657,b5a6d610-026f-4343-9704-6f05810e089c,medium,Metodo demasiado largo (>100 lineas),Society spend interest firm tree story movement official nearly.,sonar.long-method,src/Services/SearchService.cs,151,157,Dividir el metodo en unidades mas pequenas y cohesivas.
abdf1790-a60f-411b-b070-6a9df4c79ba0,7a3b8ab3-3e3e-48f1-b3a2-5183d435f268,low,Metodo demasiado largo (>100 lineas),Either fast board ask whom story today over under.,sonar.long-method,src/Services/AuthService.cs,221,226,Dividir el metodo en unidades mas pequenas y cohesivas.
b94a76b5-0801-4f82-b69b-580162d3f64c,7a3b8ab3-3e3e-48f1-b3a2-5183d435f268,medium,Variable declarada pero nunca utilizada,Enjoy adult public would determine investment represent bill.,sonar.unused-variable,src/Controllers/ReportController.cs,53,55,Eliminar la variable no utilizada.
3f48f3e3-0b89-4eca-bf30-d2fa9ec50f1d,681d4f76-8d68-4089-b81e-1ed147609cf5,high,Cross-Site Scripting (XSS) en renderizado de input de usuario,Its president room question hour property affect market.,semgrep.CWE-079,src/Views/NotificationView.cshtml,141,142,Sanitizar y escapar el input antes de renderizarlo.
35e396fa-f801-4607-9cc7-574c68a7c137,681d4f76-8d68-4089-b81e-1ed147609cf5,medium,Cross-Site Scripting (XSS) en renderizado de input de usuario,Away guy particular toward clear once be evidence walk may outside reflect begin try.,semgrep.CWE-079,src/Views/PaymentView.cshtml,16,20,Sanitizar y escapar el input antes de renderizarlo.
963d208d-20fe-4b3a-b84e-487bd8ba4f02,d044563d-f6a1-42c7-9470-e863dbbf2a0c,critical,Cross-Site Scripting (XSS) en renderizado de input de usuario,Property money challenge family will even test prove against cup white able oil his.,semgrep.CWE-079,src/Views/StorageView.cshtml,40,44,Sanitizar y escapar el input antes de renderizarlo.
a328a015-f148-4168-b02f-9cd66e4da46f,353557e7-3b52-40ed-8e2d-76d3367cad1e,high,Metodo demasiado largo (>100 lineas),Probably rule choice walk where military child social on your over.,sonar.long-method,src/Services/UserService.cs,63,67,Dividir el metodo en unidades mas pequenas y cohesivas.
21fd9d9c-d3ca-4df5-97a1-361a7a9d5a53,ec73aa1d-2523-4ab9-8937-aca90da0a5a7,info,Convencion de nombres no respetada,Somebody require nearly show anyone structure soldier hotel chance growth light view summer radio.,sonar.naming-convention,src/Models/UserModel.cs,63,69,Renombrar siguiendo la convencion PascalCase del proyecto.
c5726877-4c4e-48f0-b598-855eec854ab9,80383e6c-a3bb-4869-b507-60181ed4843a,high,Variable declarada pero nunca utilizada,Card both effort record field plan focus only body spring kind happy industry live big indicate.,sonar.unused-variable,src/Controllers/UserController.cs,283,291,Eliminar la variable no utilizada.
bff57e06-226a-4944-aa6b-49516c0e5e99,80383e6c-a3bb-4869-b507-60181ed4843a,medium,Convencion de nombres no respetada,To chance nearly another finish practice across learn treatment after require.,sonar.naming-convention,src/Models/AuthModel.cs,258,263,Renombrar siguiendo la convencion PascalCase del proyecto.
ead5aa29-c7cf-4505-9dec-d34351c709b2,52a45d29-6efe-4a74-850b-187035c71269,high,SQL Injection detectado en parametro de busqueda,Military according author nor billion why professor how whose billion black.,semgrep.CWE-089,src/Controllers/AuthController.cs,24,32,Usar consultas parametrizadas con Entity Framework o Dapper.
508a4ce6-05a9-499b-859d-f5619a4e19ca,a62c8fcb-b71c-44fd-b057-f55b31045e58,medium,Convencion de nombres no respetada,History act safe close into meet remember of control.,sonar.naming-convention,src/Models/ScanModel.cs,155,170,Renombrar siguiendo la convencion PascalCase del proyecto.
a535cbbb-fc2e-4478-ba71-4dea36e4dd66,a62c8fcb-b71c-44fd-b057-f55b31045e58,low,Metodo demasiado largo (>100 lineas),Quickly little often statement machine cause issue third however.,sonar.long-method,src/Services/ScanService.cs,233,235,Dividir el metodo en unidades mas pequenas y cohesivas.
c44e93d6-b17d-4f8c-ad33-bae196e47e6a,110ebd56-eee7-4ef4-a35b-38315376bdd4,info,Credencial expuesta en variable de entorno hardcodeada,Story head management her always agree thousand structure argue.,gitleaks.aws-access-key,src/Services/ReportService.cs,264,267,Mover la credencial a un Kubernetes Secret.
c71d2418-db25-433d-bfc8-5a1a1af0b57f,110ebd56-eee7-4ef4-a35b-38315376bdd4,info,Credencial expuesta en variable de entorno hardcodeada,Guess travel painting control training none structure feeling somebody represent.,gitleaks.aws-access-key,src/Services/StorageService.cs,63,71,Mover la credencial a un Kubernetes Secret.
689b30ca-4dfb-4a5d-9fc1-de63466ea826,6112033f-9db6-4dfd-99f0-bc67b5bc3d38,info,Metodo demasiado largo (>100 lineas),Friend word amount no born such four part company resource.,sonar.long-method,src/Services/SearchService.cs,47,59,Dividir el metodo en unidades mas pequenas y cohesivas.
90495e45-f1d4-4b1e-ac50-5c0568547985,6112033f-9db6-4dfd-99f0-bc67b5bc3d38,medium,Metodo demasiado largo (>100 lineas),Man child education west get effect peace available analysis common despite manager economic camera leg.,sonar.long-method,src/Services/UserService.cs,111,122,Dividir el metodo en unidades mas pequenas y cohesivas.
690b6698-3820-4216-b06e-e1a99b4721de,cc36e57f-9064-4c12-b040-b629a3ea316a,info,Complejidad ciclomatica excesiva en metodo,Film culture strategy television act sister learn politics build happy picture risk bring man.,sonar.complexity-high,src/Services/NotificationService.cs,27,33,Refactorizar el metodo dividiendolo en funciones mas pequenas.
c2487d05-ba50-432d-ba71-0ad80c66a7fe,cc36e57f-9064-4c12-b040-b629a3ea316a,info,Convencion de nombres no respetada,Trouble own think bar father might away.,sonar.naming-convention,src/Models/ScanModel.cs,38,50,Renombrar siguiendo la convencion PascalCase del proyecto.
04bfd310-9e86-44ae-8b19-4f0710050aee,f2130a0a-dea6-4646-892d-5c54061cd0da,medium,API Key generica expuesta en codigo fuente,Recently yourself eat security reduce trial industry right shake throughout main wish staff door effort yard.,gitleaks.generic-api-key,src/Config/PaymentConfig.cs,168,178,Externalizar la API Key a variables de entorno o un vault.
b7c232b3-3286-4350-9b76-c647f407e511,d4884c71-f7f2-460c-af9d-c96f6ecf5a7b,medium,Variable declarada pero nunca utilizada,Glass great trade stay tell ready environmental beat beautiful way pay shoulder cause beyond similar.,sonar.unused-variable,src/Controllers/StorageController.cs,289,298,Eliminar la variable no utilizada.
d7b4869e-79ca-4f7c-882e-7c9c9349947f,d4884c71-f7f2-460c-af9d-c96f6ecf5a7b,info,Complejidad ciclomatica excesiva en metodo,Design important country white past near style test.,sonar.complexity-high,src/Services/ReportService.cs,170,173,Refactorizar el metodo dividiendolo en funciones mas pequenas.
6050ebba-94f4-422b-ae4b-81d0558be240,8f2ff93f-ce13-4ac5-86f5-578124bda2b7,critical,API Key generica expuesta en codigo fuente,Story public nor company ready claim bring public here piece thank prove edge.,gitleaks.generic-api-key,src/Config/UserConfig.cs,27,42,Externalizar la API Key a variables de entorno o un vault.
dd444f0d-67f8-4cd8-b784-cf238c6b0477,8f2ff93f-ce13-4ac5-86f5-578124bda2b7,high,Cookie de sesion sin flag Secure/HttpOnly,Low almost international own serve positive fire sign or direction through catch relate people word.,zap.insecure-cookie,src/Middleware/NotificationMiddleware.cs,76,83,"Configurar las cookies con los flags Secure, HttpOnly y SameSite."
f7d03de7-c4f4-4bbd-b990-4e5d307ff583,9ceb03ca-a679-41e3-b3d6-97950c746813,low,Metodo demasiado largo (>100 lineas),Authority general away campaign meet field family bar good.,sonar.long-method,src/Services/ReportService.cs,215,219,Dividir el metodo en unidades mas pequenas y cohesivas.
d78d81bd-e7d9-4bce-8fc7-eef0a2babc86,555d8ace-3003-44b7-8155-c2afcb54af13,medium,Dependencia con vulnerabilidad conocida (paquete desactualizado),Later strong quite majority few around wish make material.,trivy.CVE-2024-1234,src/Report.csproj,89,103,Actualizar el paquete a la ultima version parcheada.
3a0d2ba9-56aa-46cc-8912-2c5cc8c4203c,555d8ace-3003-44b7-8155-c2afcb54af13,medium,Cross-Site Scripting (XSS) en renderizado de input de usuario,Include chair arrive pressure project from third our.,semgrep.CWE-079,src/Views/ReportView.cshtml,136,151,Sanitizar y escapar el input antes de renderizarlo.
d917f068-a5a4-4a5a-9d67-03f02133353c,e01170e3-e0d3-4aba-a22c-5727d67a5d31,critical,Credencial hardcodeada en codigo fuente,Leave avoid out child others difficult appear win personal statement southern cultural.,semgrep.CWE-798,src/Repositories/ScanRepository.cs,148,151,Eliminar la credencial del codigo y usar un gestor de secretos.
b3f483ad-1a18-4165-88f4-265244134147,e76fe83a-1331-47b4-9d90-cdc898481d45,critical,Variable declarada pero nunca utilizada,Something that reflect history finish news visit agreement.,sonar.unused-variable,src/Controllers/PaymentController.cs,149,150,Eliminar la variable no utilizada.
e63fdf8e-2cae-41a5-b336-ab579d575a72,e76fe83a-1331-47b4-9d90-cdc898481d45,high,Complejidad ciclomatica excesiva en metodo,Keep really already medical pass lay magazine realize.,sonar.complexity-high,src/Services/ReportService.cs,227,235,Refactorizar el metodo dividiendolo en funciones mas pequenas.
953eccc7-0b7a-46e3-a1d8-376430aec7b9,3d4c098d-1698-4fef-bc68-f6677c39ee40,low,Cookie de sesion sin flag Secure/HttpOnly,Great available sign consumer money peace win establish name.,zap.insecure-cookie,src/Middleware/UserMiddleware.cs,120,121,"Configurar las cookies con los flags Secure, HttpOnly y SameSite."
d0361ad7-e76e-4924-ac5b-382cc57b817a,4f6a7480-6974-4620-b7bf-801bee9e9472,medium,Bloque de codigo duplicado detectado,Old talk do dream word recent foot project name whole central year friend usually.,sonar.duplicate-code,src/Helpers/SearchHelper.cs,282,287,Extraer la logica comun a un metodo/clase compartida.
93d24af5-0fb7-4e77-b51e-14c3262fa949,d2397d12-327b-45db-9b55-c00087959513,high,Cookie de sesion sin flag Secure/HttpOnly,Home month court bit health next raise research meet begin building meeting.,zap.insecure-cookie,src/Middleware/UserMiddleware.cs,274,275,"Configurar las cookies con los flags Secure, HttpOnly y SameSite."
1efa4698-40d7-495a-bb1d-39ddf9dd9b9b,912f72e5-b23c-420c-9ebe-822d8f7ab310,high,Complejidad ciclomatica excesiva en metodo,Worker simple modern consumer behind best source movement even relationship player many stand for.,sonar.complexity-high,src/Services/NotificationService.cs,254,259,Refactorizar el metodo dividiendolo en funciones mas pequenas.
5f54f142-5565-46be-a3c6-d3d2fd23fc66,e7398b7d-66aa-401f-87cd-8265a448b4a4,medium,Dependencia con vulnerabilidad conocida (paquete desactualizado),Most short others reach history usually also author risk current beyond enjoy receive interview follow.,trivy.CVE-2024-1234,src/Scan.csproj,99,102,Actualizar el paquete a la ultima version parcheada.
68a74a7e-cc1c-451a-8e95-183e5e0ac9aa,4656d814-8504-4085-a8c4-e503abc55445,medium,Bloque de codigo duplicado detectado,Citizen city receive majority argue city prevent.,sonar.duplicate-code,src/Helpers/SearchHelper.cs,173,182,Extraer la logica comun a un metodo/clase compartida.
c3d0a535-1b6a-47b0-9c19-9ad5703c0171,4656d814-8504-4085-a8c4-e503abc55445,medium,Bloque de codigo duplicado detectado,Another fill newspaper red else see religious live discuss identify stand that.,sonar.duplicate-code,src/Helpers/PaymentHelper.cs,208,221,Extraer la logica comun a un metodo/clase compartida.
fcf10301-c118-4d69-b23b-806ce1c4587e,2b27c3b6-7ab4-4cfd-a1bd-33880809f011,critical,Variable declarada pero nunca utilizada,Avoid smile along type fast between fall court certainly seem.,sonar.unused-variable,src/Controllers/SearchController.cs,134,145,Eliminar la variable no utilizada.
8cc8eff2-0f11-43d6-b29d-34aced655afa,bd75c443-a79e-4f7d-a97b-602e727dd17a,critical,Cross-Site Scripting (XSS) en renderizado de input de usuario,Not rule foot should in though bad eat significant admit TV whom.,semgrep.CWE-079,src/Views/UserView.cshtml,113,117,Sanitizar y escapar el input antes de renderizarlo.
ade02356-7d54-47e5-a6cc-cc7f6b304a50,fa6bd518-3db1-4ce6-8864-2a1c002352c6,medium,Convencion de nombres no respetada,That various air pay close wind else figure under.,sonar.naming-convention,src/Models/StorageModel.cs,276,282,Renombrar siguiendo la convencion PascalCase del proyecto.
3f68878b-0612-465f-a2b5-a79aee95a794,fa6bd518-3db1-4ce6-8864-2a1c002352c6,low,Convencion de nombres no respetada,Those anyone ten prove record happen measure.,sonar.naming-convention,src/Models/AuthModel.cs,270,284,Renombrar siguiendo la convencion PascalCase del proyecto.
32d4f425-8b34-4390-9bb0-28429e8b8524,ff6e71cd-69d8-4e69-9efe-ed7bf361ae7b,low,Convencion de nombres no respetada,Follow free central contain professor identify poor.,sonar.naming-convention,src/Models/StorageModel.cs,29,43,Renombrar siguiendo la convencion PascalCase del proyecto.
ee763c04-7ab0-40a8-ae8c-c4050bdfb7d4,ff6e71cd-69d8-4e69-9efe-ed7bf361ae7b,low,Convencion de nombres no respetada,Get common sometimes quite company painting weight along plan option painting you perhaps serious.,sonar.naming-convention,src/Models/NotificationModel.cs,234,235,Renombrar siguiendo la convencion PascalCase del proyecto.
0b7b5c28-a5b1-4f46-89bc-b04983cf4bbe,03c79ac6-b775-4acb-a231-ffa66c44478f,medium,Variable declarada pero nunca utilizada,Resource each fall game ask science job everyone us eat try where would.,sonar.unused-variable,src/Controllers/AuthController.cs,92,104,Eliminar la variable no utilizada.
a273c3c9-b655-4888-a2ed-eff376e33478,1a4c3b8e-1914-48e2-86e8-8e45985fe331,low,Dependencia con vulnerabilidad conocida (paquete desactualizado),System situation military wall with bit man rather matter note guess use foot.,trivy.CVE-2024-1234,src/Report.csproj,80,88,Actualizar el paquete a la ultima version parcheada.
a40bdd95-47a8-4cd1-a2d8-04b9725feb56,b0605b8c-c90e-4b5c-b20a-4832b5aed1ad,low,Metodo demasiado largo (>100 lineas),Cut scene college human than because thing many name.,sonar.long-method,src/Services/SearchService.cs,124,130,Dividir el metodo en unidades mas pequenas y cohesivas.
20227fbc-32a1-4211-9148-f007e56cad34,1c57ba16-cdec-4fc5-8a85-7d66205b8861,high,Bloque de codigo duplicado detectado,Administration less chair man get military new where improve would.,sonar.duplicate-code,src/Helpers/ScanHelper.cs,120,130,Extraer la logica comun a un metodo/clase compartida.
d119e183-551b-4850-858a-df33df382a2a,f392519d-2e7e-450e-a426-923e249cf892,high,Variable declarada pero nunca utilizada,Plant kid run next under material ok.,sonar.unused-variable,src/Controllers/PaymentController.cs,238,239,Eliminar la variable no utilizada.
a2e114de-652d-4080-b54f-6158d17f4aca,2752a882-8e02-468e-a863-f05573d148bd,high,Cross-Site Scripting (XSS) en renderizado de input de usuario,Reason issue start conference protect benefit expert sister show item above why loss medical attorney.,semgrep.CWE-079,src/Views/SearchView.cshtml,109,115,Sanitizar y escapar el input antes de renderizarlo.
2ad54cf9-42e3-44de-a4e1-2872c6d5ac1a,7728cdee-16a9-474c-b1b1-27bcd44aad0d,high,Bloque de codigo duplicado detectado,Thought station create father next sing experience.,sonar.duplicate-code,src/Helpers/UserHelper.cs,204,211,Extraer la logica comun a un metodo/clase compartida.
1e6f83e5-3494-4cee-adb3-87336498e84e,17d6c903-f0db-470c-92af-f1a5af017f3b,high,Cookie de sesion sin flag Secure/HttpOnly,South well same investment maintain upon professor environmental.,zap.insecure-cookie,src/Middleware/StorageMiddleware.cs,164,170,"Configurar las cookies con los flags Secure, HttpOnly y SameSite."
04aa5b5d-0cec-4f86-a3bc-25ecd42bf2bb,17d6c903-f0db-470c-92af-f1a5af017f3b,medium,SQL Injection detectado en parametro de busqueda,Also alone majority sea business act happen become structure than leave pressure.,semgrep.CWE-089,src/Controllers/UserController.cs,75,75,Usar consultas parametrizadas con Entity Framework o Dapper.
acb239f8-756b-494a-94e2-af9b4104da57,d0bb111b-df34-4f05-9a7d-135661e39a49,info,Bloque de codigo duplicado detectado,Assume statement million perform rather than exactly after apply door tell cause research effect.,sonar.duplicate-code,src/Helpers/UserHelper.cs,169,176,Extraer la logica comun a un metodo/clase compartida.
28a07a96-561e-4674-baeb-7e766cf91f92,d0bb111b-df34-4f05-9a7d-135661e39a49,info,Convencion de nombres no respetada,Of force fly garden stop alone able under worry hard although.,sonar.naming-convention,src/Models/UserModel.cs,256,266,Renombrar siguiendo la convencion PascalCase del proyecto.
2dce921c-08b5-4fc5-bdf3-a091ddea0216,edc8824a-b1d8-471c-8f5d-5c31cb931285,medium,SQL Injection detectado en parametro de busqueda,Civil arm authority art instead current reflect long test cup military role weight ahead reality personal.,semgrep.CWE-089,src/Controllers/AuthController.cs,25,25,Usar consultas parametrizadas con Entity Framework o Dapper.
fb304d58-3e54-437e-b20f-e163a6fbd93d,dea90d27-8994-4e6b-a896-b2cb29074c18,medium,Bloque de codigo duplicado detectado,Simply finish worker station as large impact newspaper carry television same by process call.,sonar.duplicate-code,src/Helpers/SearchHelper.cs,112,126,Extraer la logica comun a un metodo/clase compartida.
2a80048d-c2ce-44d4-b55f-d63193353231,ba879661-1be0-48be-850a-dfd3815fce81,medium,Variable declarada pero nunca utilizada,Society you purpose successful word paper everyone expect article begin.,sonar.unused-variable,src/Controllers/SearchController.cs,258,271,Eliminar la variable no utilizada.
ab34fde5-8a7d-4d67-935f-2ced3ca34b58,ba879661-1be0-48be-850a-dfd3815fce81,low,Complejidad ciclomatica excesiva en metodo,Sit machine popular security hundred up plan yet foot continue it agency develop break.,sonar.complexity-high,src/Services/AuthService.cs,269,273,Refactorizar el metodo dividiendolo en funciones mas pequenas.
2e553704-0935-4551-ac82-e15462a374c5,c73777c4-1453-457f-b03d-ab35bde03882,medium,Bloque de codigo duplicado detectado,Rich car surface sport administration amount clear.,sonar.duplicate-code,src/Helpers/AuthHelper.cs,256,269,Extraer la logica comun a un metodo/clase compartida.
4fdc348d-dcb9-4ca3-9a5d-f9cf94c80c76,3ab7d7b4-e449-4732-8872-e5d3753a979e,info,SQL Injection detectado en parametro de busqueda,Wind hotel there concern increase leader suggest student argue with generation strategy summer beautiful.,semgrep.CWE-089,src/Controllers/AuthController.cs,144,145,Usar consultas parametrizadas con Entity Framework o Dapper.
838aa7d6-89d6-4c7f-8808-948bbf7e9c39,3ab7d7b4-e449-4732-8872-e5d3753a979e,low,Credencial hardcodeada en codigo fuente,Magazine into police sell worker peace type receive market sport change attack.,semgrep.CWE-798,src/Repositories/ReportRepository.cs,9,15,Eliminar la credencial del codigo y usar un gestor de secretos.
16a1ffb3-7362-4040-ab6a-c115068a5916,9593df3f-54e7-4c97-b7fe-fcc2dcc137b0,high,Metodo demasiado largo (>100 lineas),My fine attorney book opportunity cultural others open ground.,sonar.long-method,src/Services/AuthService.cs,154,159,Dividir el metodo en unidades mas pequenas y cohesivas.
d7e306ad-cd33-43ed-b9ec-dfcade59976d,49dec480-a991-4a13-88c3-a6e1f1b7b0c2,info,API Key generica expuesta en codigo fuente,Discuss guess water through nearly yourself that argue with into million nature.,gitleaks.generic-api-key,src/Config/NotificationConfig.cs,222,227,Externalizar la API Key a variables de entorno o un vault.
91458697-09bf-44dc-a08b-f8a47c18f9f1,1c07bf95-c95e-4533-befc-58f699c281f9,high,Metodo demasiado largo (>100 lineas),Able TV read occur individual rich ball then while.,sonar.long-method,src/Services/SearchService.cs,150,163,Dividir el metodo en unidades mas pequenas y cohesivas.
648301a3-a68c-4cc3-ade7-0e8948d6ec68,1c07bf95-c95e-4533-befc-58f699c281f9,low,Convencion de nombres no respetada,Have song much everyone may trade we car skin audience tend.,sonar.naming-convention,src/Models/UserModel.cs,293,298,Renombrar siguiendo la convencion PascalCase del proyecto.
39d6463b-9f90-431e-a83e-d3b55ff62e38,1258f69a-dd94-45e9-ad5c-51fe8a7de691,info,Cross-Site Scripting (XSS) en renderizado de input de usuario,Worry pay event themselves after whether instead international.,semgrep.CWE-079,src/Views/UserView.cshtml,254,260,Sanitizar y escapar el input antes de renderizarlo.
9cf922ee-8517-46b5-8a93-18c6895d1442,43ef2e11-873d-47e2-a3d8-e09ced2f1754,info,Cross-Site Scripting (XSS) en renderizado de input de usuario,Attention hand sit determine court per order however world thousand.,semgrep.CWE-079,src/Views/UserView.cshtml,246,256,Sanitizar y escapar el input antes de renderizarlo.
8f2c374f-2e75-4695-b95f-7ae56e05d21e,24a34b50-894d-4675-91e5-003c8358e842,medium,Dependencia con vulnerabilidad conocida (paquete desactualizado),Not base little fast cultural course development office news than might fast get.,trivy.CVE-2024-1234,src/Payment.csproj,156,163,Actualizar el paquete a la ultima version parcheada.
56d0d080-02d8-4320-b00d-d80d2144c722,24a34b50-894d-4675-91e5-003c8358e842,info,Cookie de sesion sin flag Secure/HttpOnly,Move once professor fall field per left argue.,zap.insecure-cookie,src/Middleware/PaymentMiddleware.cs,217,229,"Configurar las cookies con los flags Secure, HttpOnly y SameSite."
ad6010bd-aca1-4c49-8431-2e163d8c2e8b,324a534b-16d4-49c6-b4c6-1dde01b106ed,medium,Convencion de nombres no respetada,Science run order those value drive check smile mouth land allow parent street low both bar.,sonar.naming-convention,src/Models/NotificationModel.cs,279,280,Renombrar siguiendo la convencion PascalCase del proyecto.
6d161d7a-8f6e-465e-99b4-71c97700eece,324a534b-16d4-49c6-b4c6-1dde01b106ed,info,Convencion de nombres no respetada,Goal west throughout movie begin expert bill eight impact play I front least both professional range.,sonar.naming-convention,src/Models/AuthModel.cs,56,63,Renombrar siguiendo la convencion PascalCase del proyecto.
d60a22be-afda-4268-986d-ef91cdaf5b54,d9e6cb34-7440-42c6-930e-e3f80b404e69,high,SQL Injection detectado en parametro de busqueda,Professional figure also one against PM find chair owner put family source mention.,semgrep.CWE-089,src/Controllers/SearchController.cs,51,59,Usar consultas parametrizadas con Entity Framework o Dapper.
386cda69-9de3-491c-ab23-8e2c5ffd4479,d9e6cb34-7440-42c6-930e-e3f80b404e69,low,Dependencia con vulnerabilidad conocida (paquete desactualizado),Peace finally even herself home college call four against operation lawyer.,trivy.CVE-2024-1234,src/Report.csproj,201,215,Actualizar el paquete a la ultima version parcheada.
abbd1bb8-e693-4baf-b937-c9d2dff4d60d,8ed2f0d9-98d0-4832-94ab-920be5fb95af,medium,Bloque de codigo duplicado detectado,Chair analysis we common stock letter choice school agreement beat rest become.,sonar.duplicate-code,src/Helpers/PaymentHelper.cs,283,288,Extraer la logica comun a un metodo/clase compartida.
f0508aa6-8155-41ed-8190-2f20f398e7bf,ea3ccc52-f612-4774-b72b-a3b0395a95a8,info,Credencial expuesta en variable de entorno hardcodeada,Study marriage week relate compare let including western check them include young benefit kind different window.,gitleaks.aws-access-key,src/Services/StorageService.cs,59,67,Mover la credencial a un Kubernetes Secret.
eb17bee0-e851-411e-b6d5-b2fffeae2d9b,ea3ccc52-f612-4774-b72b-a3b0395a95a8,medium,Credencial hardcodeada en codigo fuente,Successful threat development want new more side beat wall article still similar spend measure.,semgrep.CWE-798,src/Repositories/StorageRepository.cs,271,281,Eliminar la credencial del codigo y usar un gestor de secretos.
17daefd2-a637-40b6-82c8-df3eb7cb822b,7ffc1801-807e-4972-b034-4fa47c3e95da,low,Credencial expuesta en variable de entorno hardcodeada,Visit dog similar dream much reality attack anything just dream.,gitleaks.aws-access-key,src/Services/ScanService.cs,60,65,Mover la credencial a un Kubernetes Secret.
f2871f8b-e568-4b66-8ad9-4fce3e81c19d,7ffc1801-807e-4972-b034-4fa47c3e95da,info,Cookie de sesion sin flag Secure/HttpOnly,Mouth pass chair finally husband effort education activity economy every single gun.,zap.insecure-cookie,src/Middleware/PaymentMiddleware.cs,262,274,"Configurar las cookies con los flags Secure, HttpOnly y SameSite."
da7f08aa-489c-462c-a3d2-a7ba8363152f,43d1219d-15e4-4a14-a4c1-687937539184,low,Metodo demasiado largo (>100 lineas),Mr parent computer perhaps debate take south road senior do east.,sonar.long-method,src/Services/PaymentService.cs,285,290,Dividir el metodo en unidades mas pequenas y cohesivas.
5702f547-c390-464e-9fe4-1ea94870e652,43d1219d-15e4-4a14-a4c1-687937539184,info,Variable declarada pero nunca utilizada,Rate policy third real throughout young support daughter bill we enough minute news remain especially throw.,sonar.unused-variable,src/Controllers/PaymentController.cs,96,106,Eliminar la variable no utilizada.
0553dcfa-3075-4733-848a-a2c33af6eada,caa10ea1-5965-485e-9217-954da1adfd2e,medium,Credencial hardcodeada en codigo fuente,Military decision goal tend send politics television force film matter every prove.,semgrep.CWE-798,src/Repositories/StorageRepository.cs,251,256,Eliminar la credencial del codigo y usar un gestor de secretos.
69baa9cd-d423-4363-b42d-435656fbc739,caa10ea1-5965-485e-9217-954da1adfd2e,low,API Key generica expuesta en codigo fuente,Policy cultural official bag them free fish together front.,gitleaks.generic-api-key,src/Config/SearchConfig.cs,113,122,Externalizar la API Key a variables de entorno o un vault.
b158e0be-32c1-47cb-a392-923288dfc789,125d4307-ff2a-4394-830d-44841857b9c5,info,Convencion de nombres no respetada,Ahead remember yeah low authority personal class measure explain suddenly certainly again arm will.,sonar.naming-convention,src/Models/StorageModel.cs,282,285,Renombrar siguiendo la convencion PascalCase del proyecto.
dfc009e5-c364-4fae-84b2-048a52f99da6,b4e7103f-bd6d-4ce4-9a43-e0610c7e92f6,high,Bloque de codigo duplicado detectado,Republican similar until economic first future face indeed why bad number describe enough different Democrat.,sonar.duplicate-code,src/Helpers/ScanHelper.cs,17,31,Extraer la logica comun a un metodo/clase compartida.
1a1b11ed-8266-494d-a81a-abf0600fdc80,b4e7103f-bd6d-4ce4-9a43-e0610c7e92f6,low,Metodo demasiado largo (>100 lineas),Easy important series organization process trade next medical better fight technology describe should million once.,sonar.long-method,src/Services/AuthService.cs,122,128,Dividir el metodo en unidades mas pequenas y cohesivas.
b393e6f0-6a4e-4527-8c6a-ed96bcce120c,66a7aca2-886a-4e97-8229-95b6f9476a3d,high,API Key generica expuesta en codigo fuente,Together color born challenge up measure station seem somebody nation.,gitleaks.generic-api-key,src/Config/ReportConfig.cs,273,281,Externalizar la API Key a variables de entorno o un vault.
ae1f0bd8-e1ca-402c-803c-08adc7e4e909,66e5451f-da17-49be-9892-6f1f1c916d57,medium,Variable declarada pero nunca utilizada,Something scene else society whose financial not support friend reflect do someone deep minute send.,sonar.unused-variable,src/Controllers/AuthController.cs,70,83,Eliminar la variable no utilizada.
8a9c9ded-48f6-43af-bc4b-d15594b1d944,66e5451f-da17-49be-9892-6f1f1c916d57,low,Variable declarada pero nunca utilizada,Thought something final wear send toward wish doctor.,sonar.unused-variable,src/Controllers/PaymentController.cs,68,75,Eliminar la variable no utilizada.
f41c208b-fc1f-4f78-a622-921558f04c11,e8d720b7-4c3b-47b5-99ab-883edbde6413,info,SQL Injection detectado en parametro de busqueda,Also light same fast keep simply agreement lay able after visit account finally card whom.,semgrep.CWE-089,src/Controllers/AuthController.cs,207,215,Usar consultas parametrizadas con Entity Framework o Dapper.
c62dba4d-3bc6-4837-aaf1-c1471a5315e7,e8d720b7-4c3b-47b5-99ab-883edbde6413,medium,Cross-Site Scripting (XSS) en renderizado de input de usuario,Despite bag seem wear enter water your eight kid most item up.,semgrep.CWE-079,src/Views/StorageView.cshtml,250,260,Sanitizar y escapar el input antes de renderizarlo.
77503269-c72e-4d9d-b819-2733d7a77f70,fdded151-0a9c-4078-bc54-98b26113096f,high,Complejidad ciclomatica excesiva en metodo,Without investment television stop address you success.,sonar.complexity-high,src/Services/StorageService.cs,184,186,Refactorizar el metodo dividiendolo en funciones mas pequenas.
00788f7a-9fb2-4392-94d2-a0c7c4b47cf4,c31f1b39-0d94-4f11-83dd-491c239cbdfa,high,Credencial hardcodeada en codigo fuente,Someone call increase travel be under speak her year.,semgrep.CWE-798,src/Repositories/ReportRepository.cs,25,26,Eliminar la credencial del codigo y usar un gestor de secretos.
30efeca4-b071-4f13-945c-7d9cbbb54229,c31f1b39-0d94-4f11-83dd-491c239cbdfa,medium,SQL Injection detectado en parametro de busqueda,Nothing toward health mother instead total popular.,semgrep.CWE-089,src/Controllers/AuthController.cs,81,95,Usar consultas parametrizadas con Entity Framework o Dapper.
5edd866e-c6d1-4a2d-95a4-a8fb4412b8aa,ac679062-ab2e-465d-a6b6-289e7870450c,critical,Bloque de codigo duplicado detectado,History down least anyone remain present growth attention set seven thus tree along miss.,sonar.duplicate-code,src/Helpers/PaymentHelper.cs,155,160,Extraer la logica comun a un metodo/clase compartida.
ce2b8123-2341-45c1-8944-fa0298818e1b,0cddf044-e921-4f69-824d-479bff67d841,high,Metodo demasiado largo (>100 lineas),A develop health lot cold hospital local happen whether personal down decide another son.,sonar.long-method,src/Services/AuthService.cs,49,49,Dividir el metodo en unidades mas pequenas y cohesivas.
b7b664a8-4aa5-4b2b-8e07-6224d483e8eb,0cddf044-e921-4f69-824d-479bff67d841,low,Bloque de codigo duplicado detectado,Sense rock democratic more town apply beautiful music ten material.,sonar.duplicate-code,src/Helpers/UserHelper.cs,266,280,Extraer la logica comun a un metodo/clase compartida.
26508945-a3a6-4e6f-b0d4-abec54b1d92f,4c77f41e-fe56-44ab-bf2c-f183d677ea54,info,Cookie de sesion sin flag Secure/HttpOnly,Media interview thing ten each watch instead safe if.,zap.insecure-cookie,src/Middleware/UserMiddleware.cs,78,91,"Configurar las cookies con los flags Secure, HttpOnly y SameSite."
5864c9bb-1fb0-49fa-8e01-0c566970d09c,4c77f41e-fe56-44ab-bf2c-f183d677ea54,medium,Cookie de sesion sin flag Secure/HttpOnly,Might economy important of mean sell nearly little as system.,zap.insecure-cookie,src/Middleware/StorageMiddleware.cs,112,114,"Configurar las cookies con los flags Secure, HttpOnly y SameSite."
19cc58da-e29f-4b22-9e31-5dec3cf78336,4822c50f-e8a8-4b9f-9832-6994d9152eec,medium,SQL Injection detectado en parametro de busqueda,Five minute husband defense goal over scientist structure none hair prove would early half training eye.,semgrep.CWE-089,src/Controllers/ScanController.cs,106,112,Usar consultas parametrizadas con Entity Framework o Dapper.
1416968a-9dbf-442d-8d75-32ca9c1f2fa2,4822c50f-e8a8-4b9f-9832-6994d9152eec,medium,Dependencia con vulnerabilidad conocida (paquete desactualizado),General per together college and skill might trade product end admit window.,trivy.CVE-2024-1234,src/Scan.csproj,28,35,Actualizar el paquete a la ultima version parcheada.
73341ddd-c0e2-4784-8539-6caddbb53cd0,a6e6e7ea-d863-4d9f-a10d-8a1feb6334e9,medium,Cookie de sesion sin flag Secure/HttpOnly,Ball glass article office large model edge.,zap.insecure-cookie,src/Middleware/PaymentMiddleware.cs,242,244,"Configurar las cookies con los flags Secure, HttpOnly y SameSite."
ce662711-6ada-41ce-aac3-23159bad3e83,a6e6e7ea-d863-4d9f-a10d-8a1feb6334e9,low,API Key generica expuesta en codigo fuente,Air stage store much popular old theory read.,gitleaks.generic-api-key,src/Config/AuthConfig.cs,8,16,Externalizar la API Key a variables de entorno o un vault.
cddb8b49-3d55-45db-8678-873c53c27887,1795495b-73c7-4b5e-adea-19d7c4b9c92b,critical,Credencial expuesta en variable de entorno hardcodeada,Issue physical address visit factor possible particular.,gitleaks.aws-access-key,src/Services/SearchService.cs,126,128,Mover la credencial a un Kubernetes Secret.
5eaa7f4c-1b97-45c7-b03a-f3ddc78100d4,6bafa9c0-5c47-4f64-8a92-a5ffa9820c17,medium,Bloque de codigo duplicado detectado,Cold consider point today interview above dog firm have.,sonar.duplicate-code,src/Helpers/AuthHelper.cs,7,11,Extraer la logica comun a un metodo/clase compartida.
3418a197-29af-4439-a916-c4dd63bc27fb,6bafa9c0-5c47-4f64-8a92-a5ffa9820c17,medium,Complejidad ciclomatica excesiva en metodo,Cold answer step fast fly really east threat.,sonar.complexity-high,src/Services/PaymentService.cs,255,266,Refactorizar el metodo dividiendolo en funciones mas pequenas.
0697e0e0-ffd7-42d0-bc41-081297d1a63d,5b01f473-8862-42c8-9873-a210fb71a0b7,high,Cross-Site Scripting (XSS) en renderizado de input de usuario,Early evidence ball ability none hold development.,semgrep.CWE-079,src/Views/AuthView.cshtml,135,137,Sanitizar y escapar el input antes de renderizarlo.
337e09b1-09dc-47ef-a21d-dad018afa589,5b01f473-8862-42c8-9873-a210fb71a0b7,medium,SQL Injection detectado en parametro de busqueda,Station become against not fear arrive economy.,semgrep.CWE-089,src/Controllers/StorageController.cs,291,296,Usar consultas parametrizadas con Entity Framework o Dapper.
eb6e4348-d371-4e86-b92f-bc4972f2a52c,284ed817-d0ef-4138-8d84-268089f3a02a,high,Convencion de nombres no respetada,Benefit begin research let as dinner system break head fine natural personal serve power.,sonar.naming-convention,src/Models/AuthModel.cs,117,117,Renombrar siguiendo la convencion PascalCase del proyecto.
12f8b35d-8ede-419f-8dbf-64e9dc78bd7a,284ed817-d0ef-4138-8d84-268089f3a02a,low,Bloque de codigo duplicado detectado,Range believe our high subject year anyone series.,sonar.duplicate-code,src/Helpers/SearchHelper.cs,242,253,Extraer la logica comun a un metodo/clase compartida.
0676619a-a87f-44e7-8b59-55badf17376e,4d650030-5110-4b29-b599-ed383d98b006,high,Cross-Site Scripting (XSS) en renderizado de input de usuario,American wear join stop option easy option believe fact teacher.,semgrep.CWE-079,src/Views/ScanView.cshtml,40,51,Sanitizar y escapar el input antes de renderizarlo.
510204ef-de44-4d66-84d2-28efaedcad17,4d650030-5110-4b29-b599-ed383d98b006,low,Credencial expuesta en variable de entorno hardcodeada,Low ok result source evidence bad must against as.,gitleaks.aws-access-key,src/Services/UserService.cs,265,266,Mover la credencial a un Kubernetes Secret.
d23a2ec2-cc3c-481f-81d4-1fc7951da660,0b32bc69-2df3-48b4-9478-72b300b96840,info,Variable declarada pero nunca utilizada,Smile away large agency interest always father conference stage difficult.,sonar.unused-variable,src/Controllers/AuthController.cs,284,298,Eliminar la variable no utilizada.
cb5a2f2b-f56c-4985-98d1-4d2f699678ba,0b32bc69-2df3-48b4-9478-72b300b96840,low,Variable declarada pero nunca utilizada,Room growth bit eye free approach under usually dream last.,sonar.unused-variable,src/Controllers/UserController.cs,150,159,Eliminar la variable no utilizada.
31725882-088a-4206-a229-65f2e20f296b,cd323ee8-5408-419b-bb52-fe9458aaf5f0,info,Complejidad ciclomatica excesiva en metodo,Star whole adult mind option nearly herself score positive land top way network for piece.,sonar.complexity-high,src/Services/NotificationService.cs,158,161,Refactorizar el metodo dividiendolo en funciones mas pequenas.
a3cb750a-c87d-4bef-948c-4e918468a10c,f5b9e52a-6a71-4f2a-9f97-db7410b43ffa,info,Cookie de sesion sin flag Secure/HttpOnly,Analysis no gun individual chair short peace street lose you law history travel situation.,zap.insecure-cookie,src/Middleware/AuthMiddleware.cs,298,301,"Configurar las cookies con los flags Secure, HttpOnly y SameSite."
4a5123b8-0a24-451f-85d3-b49e7ba8a427,f5b9e52a-6a71-4f2a-9f97-db7410b43ffa,medium,Credencial expuesta en variable de entorno hardcodeada,Receive somebody continue report admit example PM personal seat occur run sister manager view modern.,gitleaks.aws-access-key,src/Services/NotificationService.cs,39,40,Mover la credencial a un Kubernetes Secret.
500b3ab3-51e8-4c80-8a2a-e20194526c36,36d4a489-2b49-451c-953d-bbcd20bb4a50,high,Complejidad ciclomatica excesiva en metodo,Young statement support list focus space develop marriage sell hold yourself that number theory.,sonar.complexity-high,src/Services/PaymentService.cs,55,60,Refactorizar el metodo dividiendolo en funciones mas pequenas.
ff7ce3fd-6cd2-4874-9323-17d45df7cc3f,36d4a489-2b49-451c-953d-bbcd20bb4a50,medium,Metodo demasiado largo (>100 lineas),Experience give must represent read ok option Mrs ok you always clearly nearly.,sonar.long-method,src/Services/AuthService.cs,275,286,Dividir el metodo en unidades mas pequenas y cohesivas.
137f3e22-8a4b-4a27-910c-4112932fa979,539fb618-3353-43cc-aa97-8a8a7cd988c1,low,Credencial hardcodeada en codigo fuente,Model see suffer night challenge consider deep return if quickly Republican carry when develop.,semgrep.CWE-798,src/Repositories/ReportRepository.cs,76,78,Eliminar la credencial del codigo y usar un gestor de secretos.
428d577a-d506-4f28-a6f8-1b922dd1db70,b93f11fe-7a1d-44ce-8710-0d89a98eb90c,low,Dependencia con vulnerabilidad conocida (paquete desactualizado),Boy network option suddenly difference police although same city size statement dark pattern decade.,trivy.CVE-2024-1234,src/Auth.csproj,72,75,Actualizar el paquete a la ultima version parcheada.
c5625d10-444c-4fdf-9156-5834398e2903,d0f10650-f929-4487-b6ff-71b8fa0d38f4,high,Bloque de codigo duplicado detectado,Believe control senior stay fear trial let country thank several the official about certain.,sonar.duplicate-code,src/Helpers/PaymentHelper.cs,102,114,Extraer la logica comun a un metodo/clase compartida.
7b4e79de-e52a-4148-8880-9a6fda33132a,d0f10650-f929-4487-b6ff-71b8fa0d38f4,low,Convencion de nombres no respetada,Stuff network but sometimes cell manage appear campaign direction position research nation off sign could.,sonar.naming-convention,src/Models/ScanModel.cs,39,39,Renombrar siguiendo la convencion PascalCase del proyecto.
e70b4ee4-ab14-41af-97c2-9e9c66b57a0a,17a13a65-fc6b-418e-a1a1-e65571ec2468,critical,Metodo demasiado largo (>100 lineas),Phone speech use grow cut total situation specific project seven energy.,sonar.long-method,src/Services/NotificationService.cs,255,255,Dividir el metodo en unidades mas pequenas y cohesivas.
cfcc64a0-d744-4e97-b099-9ab93216e8c1,17a13a65-fc6b-418e-a1a1-e65571ec2468,high,Metodo demasiado largo (>100 lineas),Realize clearly marriage them arm natural reduce table team build eight cut.,sonar.long-method,src/Services/PaymentService.cs,182,188,Dividir el metodo en unidades mas pequenas y cohesivas.
dd48cb5a-40fb-4456-881b-b029bf8d838e,c26f967d-cbe5-42ac-a90b-814fe449b8f3,high,Dependencia con vulnerabilidad conocida (paquete desactualizado),Hear standard space protect computer college democratic fill understand statement across blue many process use.,trivy.CVE-2024-1234,src/Search.csproj,45,53,Actualizar el paquete a la ultima version parcheada.
cc11e04e-e765-474d-8026-7f7b9c0747c2,c26f967d-cbe5-42ac-a90b-814fe449b8f3,medium,Credencial expuesta en variable de entorno hardcodeada,Month similar impact create impact buy couple page for.,gitleaks.aws-access-key,src/Services/UserService.cs,279,279,Mover la credencial a un Kubernetes Secret.
38b9972f-eab3-4081-8a97-1721dca6a82f,e475f77c-0c2b-42fe-ba7c-816535806e4e,critical,Convencion de nombres no respetada,Wait up admit matter buy agent entire she until.,sonar.naming-convention,src/Models/ReportModel.cs,300,307,Renombrar siguiendo la convencion PascalCase del proyecto.
ffb7c459-487f-4670-94e4-614ebeef7571,031ca95c-ae49-46f4-affa-2169bfdcfe97,info,Credencial hardcodeada en codigo fuente,Baby news appear low thank radio mean cup while chair argue peace mission my.,semgrep.CWE-798,src/Repositories/PaymentRepository.cs,91,98,Eliminar la credencial del codigo y usar un gestor de secretos.
5de57520-cb35-48e5-8fb6-c8c7e789654b,031ca95c-ae49-46f4-affa-2169bfdcfe97,medium,Cross-Site Scripting (XSS) en renderizado de input de usuario,Allow daughter pick goal wonder thought five ask past.,semgrep.CWE-079,src/Views/ReportView.cshtml,15,26,Sanitizar y escapar el input antes de renderizarlo.
c26b0386-9e5d-4c65-b575-ad88a8c22366,d5c4c4de-eb0b-429a-ac50-ec6d27929797,info,Convencion de nombres no respetada,Growth fear song billion summer our big tree raise meet only.,sonar.naming-convention,src/Models/ScanModel.cs,90,105,Renombrar siguiendo la convencion PascalCase del proyecto.
64f0afcf-f401-48f8-8996-cbf2261885df,1f838040-7031-4622-9db2-1dec695b526a,high,Cross-Site Scripting (XSS) en renderizado de input de usuario,Any huge without among five since arrive against part once determine.,semgrep.CWE-079,src/Views/PaymentView.cshtml,166,167,Sanitizar y escapar el input antes de renderizarlo.
2e31c0e8-aadc-48de-8283-ab2f7d8e3fe1,1f838040-7031-4622-9db2-1dec695b526a,low,Credencial hardcodeada en codigo fuente,Southern some same stop card store body read physical.,semgrep.CWE-798,src/Repositories/AuthRepository.cs,270,281,Eliminar la credencial del codigo y usar un gestor de secretos.
ea666e68-4c4d-4550-8c9e-56ee4db359be,9f2c7e0f-9f93-4cd4-bcb4-3a566842a938,critical,Metodo demasiado largo (>100 lineas),Fly information management cold hospital indicate establish safe claim sound environmental relationship less safe appear.,sonar.long-method,src/Services/AuthService.cs,173,182,Dividir el metodo en unidades mas pequenas y cohesivas.
3a5286ae-2c45-4b7c-9808-d4c2c665e9b5,9f2c7e0f-9f93-4cd4-bcb4-3a566842a938,high,Bloque de codigo duplicado detectado,Political prepare remain adult meet model PM thousand success wind artist grow find tend international.,sonar.duplicate-code,src/Helpers/NotificationHelper.cs,250,260,Extraer la logica comun a un metodo/clase compartida.
4aab75a1-7d79-4a74-96c2-02ebc1b71442,996b7296-af0a-48c2-afbc-53fe724c6aa3,medium,Complejidad ciclomatica excesiva en metodo,Team cultural power north why computer chair she draw heavy.,sonar.complexity-high,src/Services/PaymentService.cs,163,170,Refactorizar el metodo dividiendolo en funciones mas pequenas.
2611ae32-f12f-4b23-a794-bccef12346bd,996b7296-af0a-48c2-afbc-53fe724c6aa3,medium,Convencion de nombres no respetada,Bring be PM easy sing our month political day positive food economy affect.,sonar.naming-convention,src/Models/AuthModel.cs,255,259,Renombrar siguiendo la convencion PascalCase del proyecto.
b07c5021-4401-4211-b769-09b06cad2ae2,d6cf17c4-29bd-4a49-9b9a-25aae3fd0021,info,SQL Injection detectado en parametro de busqueda,Himself generation type however know great effort both energy past country three writer feeling hotel hope.,semgrep.CWE-089,src/Controllers/ScanController.cs,108,115,Usar consultas parametrizadas con Entity Framework o Dapper.
d11c9ab6-983c-47ed-89b7-36536d17f72d,d6cf17c4-29bd-4a49-9b9a-25aae3fd0021,medium,SQL Injection detectado en parametro de busqueda,State raise collection type threat upon right any wind.,semgrep.CWE-089,src/Controllers/ReportController.cs,132,135,Usar consultas parametrizadas con Entity Framework o Dapper.
240fb3a8-758e-439c-9555-3c3c49f439d2,74d9df6d-2150-4d28-b52c-a4fb8f12fe36,low,Dependencia con vulnerabilidad conocida (paquete desactualizado),Skin live compare skill thing meeting bill pick activity camera defense PM product movie not station.,trivy.CVE-2024-1234,src/Auth.csproj,18,27,Actualizar el paquete a la ultima version parcheada.
38a62c58-837f-4d46-85b2-090db17c9a14,56ffa8b1-db3c-48a7-93c1-3e150920741c,critical,Complejidad ciclomatica excesiva en metodo,Everybody we bit remain country radio choose cut.,sonar.complexity-high,src/Services/ReportService.cs,88,100,Refactorizar el metodo dividiendolo en funciones mas pequenas.
66ca43c6-b66c-45b1-9200-121b27dec3d9,56ffa8b1-db3c-48a7-93c1-3e150920741c,high,Complejidad ciclomatica excesiva en metodo,Another notice affect free heart win perhaps do hit kitchen try according court.,sonar.complexity-high,src/Services/AuthService.cs,174,189,Refactorizar el metodo dividiendolo en funciones mas pequenas.
ef2e22d1-3962-4b31-a820-e1b6b3b8d1ed,761ed9cd-b9df-4fab-a93e-aba07ee405ec,medium,Variable declarada pero nunca utilizada,Claim address national lose low bar really within suffer class positive must action police.,sonar.unused-variable,src/Controllers/ScanController.cs,122,125,Eliminar la variable no utilizada.
3040f23d-5d25-4491-a7bb-7f7a18aeb617,761ed9cd-b9df-4fab-a93e-aba07ee405ec,low,Metodo demasiado largo (>100 lineas),Hot occur however order likely send happy song sense.,sonar.long-method,src/Services/StorageService.cs,79,80,Dividir el metodo en unidades mas pequenas y cohesivas.
942f505a-7823-4d6c-ad1d-2a406e922fb1,c142009f-e535-4bd5-a316-090beb063a27,medium,Complejidad ciclomatica excesiva en metodo,Almost job movie piece unit several nothing challenge military sit likely network field.,sonar.complexity-high,src/Services/NotificationService.cs,268,281,Refactorizar el metodo dividiendolo en funciones mas pequenas.
4d0ae648-80cc-45a2-b348-76906aa47742,7950d7e0-9adf-4a14-9167-b64a52d6089f,low,Credencial hardcodeada en codigo fuente,Present hundred often foot treatment pattern article check carry learn.,semgrep.CWE-798,src/Repositories/StorageRepository.cs,89,94,Eliminar la credencial del codigo y usar un gestor de secretos.
7f9b60c0-4690-4f2b-9558-56f749ff4ed9,651ebd05-50e7-4f90-834a-6a5ba744e714,high,Credencial hardcodeada en codigo fuente,Energy join myself catch young arrive indicate nation wall development conference should.,semgrep.CWE-798,src/Repositories/AuthRepository.cs,45,57,Eliminar la credencial del codigo y usar un gestor de secretos.
5fc1eef1-9c53-414c-a6ba-5a4616243594,480fe9c6-a766-4c12-9c64-6e43f273f7d5,low,API Key generica expuesta en codigo fuente,Low both discover less else night all best military economy.,gitleaks.generic-api-key,src/Config/AuthConfig.cs,147,158,Externalizar la API Key a variables de entorno o un vault.
8fa0fedf-1871-42b7-bb55-afb52efbe8be,0fe7190a-09d6-42c6-b22d-5290de656119,low,Bloque de codigo duplicado detectado,Stock protect health listen senior pull down ground popular start dream buy development between prepare she.,sonar.duplicate-code,src/Helpers/ScanHelper.cs,207,211,Extraer la logica comun a un metodo/clase compartida.
e9f83132-3034-4653-8ddb-6cb7f339948d,0fe7190a-09d6-42c6-b22d-5290de656119,medium,Convencion de nombres no respetada,Opportunity fight exactly throw population with discuss he great speak similar role meeting help still.,sonar.naming-convention,src/Models/NotificationModel.cs,20,32,Renombrar siguiendo la convencion PascalCase del proyecto.
7743dd7b-4055-41a7-a825-08d22bea659e,978315b2-41a1-4e7b-8f7c-0cf4c2f49a71,low,Variable declarada pero nunca utilizada,Child short player help end soldier realize relationship author garden she.,sonar.unused-variable,src/Controllers/StorageController.cs,165,173,Eliminar la variable no utilizada.
2d8ccbee-d9d5-4b88-9354-152e07724181,08ccc016-66eb-452c-8726-356c2c6deb5c,high,API Key generica expuesta en codigo fuente,Mr rate property rest where put discover either degree officer ready yet.,gitleaks.generic-api-key,src/Config/PaymentConfig.cs,34,43,Externalizar la API Key a variables de entorno o un vault.
de7cd0a7-7cdf-4851-b2e0-b3a2ad6d2415,4d38451b-283d-47fc-8601-5908e20e1c82,high,Convencion de nombres no respetada,Clearly agree future shoulder stage college trade third sometimes yeah after much action operation could.,sonar.naming-convention,src/Models/SearchModel.cs,89,95,Renombrar siguiendo la convencion PascalCase del proyecto.
70c17b6e-e944-4108-a58c-39a68a6b869a,4b4a874f-7b4c-477b-b71a-9da5200109bb,medium,SQL Injection detectado en parametro de busqueda,Federal wait crime institution military section Congress focus fly behind couple.,semgrep.CWE-089,src/Controllers/UserController.cs,191,206,Usar consultas parametrizadas con Entity Framework o Dapper.
aacbcad9-649e-49a8-9253-b3fa36b5244a,c0cd3701-0540-4352-a9c3-ca0d08f8f3d0,critical,Metodo demasiado largo (>100 lineas),Manager mean cost wide line in along theory occur total financial information have whole system.,sonar.long-method,src/Services/ReportService.cs,177,182,Dividir el metodo en unidades mas pequenas y cohesivas.
fb55a6e3-1dd0-4950-9be6-6b2e41084c2c,04345209-5089-4b19-bef5-f0713283dff3,info,Metodo demasiado largo (>100 lineas),Field represent idea audience first assume hit laugh candidate religious white break consumer consumer produce common.,sonar.long-method,src/Services/ReportService.cs,236,244,Dividir el metodo en unidades mas pequenas y cohesivas.
dfbc5f27-ff31-4bb7-b5ae-6a3a496370f8,04345209-5089-4b19-bef5-f0713283dff3,low,Metodo demasiado largo (>100 lineas),Field right real fact about light type for yourself able left fall major against decade low.,sonar.long-method,src/Services/ScanService.cs,267,279,Dividir el metodo en unidades mas pequenas y cohesivas.
d62fd080-0787-430d-b1b1-2a414a70c630,4ad74d45-4de0-4e3c-91c1-40c032e2b2b4,high,Convencion de nombres no respetada,Door drop off ability pretty focus join base of run reflect series anything player as.,sonar.naming-convention,src/Models/NotificationModel.cs,164,168,Renombrar siguiendo la convencion PascalCase del proyecto.
b6a4144c-0e0e-4d59-9592-98c14689895d,b3f93f60-47c0-45cd-bac3-f16d82ad3c5c,medium,Variable declarada pero nunca utilizada,According tonight or fine ago fire bill apply discuss professor machine.,sonar.unused-variable,src/Controllers/ScanController.cs,88,93,Eliminar la variable no utilizada.
ded9cbfc-b2b9-4459-a400-8cb2e377d8f2,b3f93f60-47c0-45cd-bac3-f16d82ad3c5c,info,Complejidad ciclomatica excesiva en metodo,Ten for prove food scientist green appear why green year south moment them wonder.,sonar.complexity-high,src/Services/StorageService.cs,66,74,Refactorizar el metodo dividiendolo en funciones mas pequenas.
b473d77c-8431-4eb8-a56e-b3bc2043cbae,84be9a17-8be8-45e2-8a2a-925d74d684e4,low,Metodo demasiado largo (>100 lineas),Send very letter themselves begin weight song note final watch.,sonar.long-method,src/Services/SearchService.cs,299,301,Dividir el metodo en unidades mas pequenas y cohesivas.
556f55a0-5de2-4c5f-b07a-9c9b46136882,84be9a17-8be8-45e2-8a2a-925d74d684e4,info,Bloque de codigo duplicado detectado,Could feeling choose effect suggest long continue do state.,sonar.duplicate-code,src/Helpers/AuthHelper.cs,196,205,Extraer la logica comun a un metodo/clase compartida.
e1e98b30-ee12-47b5-9d0a-563b3d45d805,e859d210-00fb-426a-8805-8fc852d64de1,high,Dependencia con vulnerabilidad conocida (paquete desactualizado),I positive Congress receive according the scientist in prove common dark understand education tonight.,trivy.CVE-2024-1234,src/Report.csproj,91,101,Actualizar el paquete a la ultima version parcheada.
262c34a5-c7a2-4ee7-884e-61edad9f30f4,ab2b14d4-ce22-49cb-993c-912da2d45516,critical,Dependencia con vulnerabilidad conocida (paquete desactualizado),Fund state again record Republican end born relate type toward style happy catch tax other.,trivy.CVE-2024-1234,src/Search.csproj,20,26,Actualizar el paquete a la ultima version parcheada.
83e28ab3-a0c5-4f09-bfae-b7031cd66a71,e8d9782e-89cb-4bc5-aa0a-bf80735ade92,high,Convencion de nombres no respetada,Appear sit community view market record section who gas push forget indeed arm fight commercial.,sonar.naming-convention,src/Models/UserModel.cs,10,10,Renombrar siguiendo la convencion PascalCase del proyecto.
88804f11-323b-48d1-96e1-39b6537dd498,97baff06-ffc7-4bde-a3cb-7e5994474aec,info,Bloque de codigo duplicado detectado,Son option edge response early number leader on to.,sonar.duplicate-code,src/Helpers/ReportHelper.cs,251,262,Extraer la logica comun a un metodo/clase compartida.
81cde896-5a82-44c1-a842-4a311b01fd6b,97baff06-ffc7-4bde-a3cb-7e5994474aec,low,Bloque de codigo duplicado detectado,Performance drive ever month edge medical why live marriage each never.,sonar.duplicate-code,src/Helpers/NotificationHelper.cs,10,17,Extraer la logica comun a un metodo/clase compartida.
0625f56c-ed5f-490e-8304-870169875808,86bb448e-21cb-4fd7-87ec-315a3d9957b7,medium,Complejidad ciclomatica excesiva en metodo,Offer ago professional in simple keep owner either.,sonar.complexity-high,src/Services/AuthService.cs,11,12,Refactorizar el metodo dividiendolo en funciones mas pequenas.
915f5528-f00c-46d6-96ba-8e2a9e2062e9,f9ca1cfe-91f3-4399-9951-beb8a355a421,medium,Convencion de nombres no respetada,Decide moment these nice not form white scene.,sonar.naming-convention,src/Models/PaymentModel.cs,215,218,Renombrar siguiendo la convencion PascalCase del proyecto.
e910b479-4d54-485b-bcaf-3ea6bc683d13,f9ca1cfe-91f3-4399-9951-beb8a355a421,medium,Convencion de nombres no respetada,Several fly environmental establish community teach compare hand give save so issue will.,sonar.naming-convention,src/Models/AuthModel.cs,145,148,Renombrar siguiendo la convencion PascalCase del proyecto.
5e693654-c4c7-48a4-aa71-a251b27fa116,65ca03f7-addc-4549-bfc6-a856fc645160,medium,Bloque de codigo duplicado detectado,Inside believe clearly activity kind born show guess.,sonar.duplicate-code,src/Helpers/StorageHelper.cs,152,160,Extraer la logica comun a un metodo/clase compartida.
bdc40625-7add-4628-b339-5776c316487e,65ca03f7-addc-4549-bfc6-a856fc645160,info,Complejidad ciclomatica excesiva en metodo,Try take tend try over western somebody care similar project western usually buy child.,sonar.complexity-high,src/Services/AuthService.cs,90,91,Refactorizar el metodo dividiendolo en funciones mas pequenas.
b3a1bf8d-c7f2-46bc-baab-6ffb1b49d15f,dbee0722-2694-497d-a12a-0861f82a465e,critical,Variable declarada pero nunca utilizada,Yeah foot power science amount of political spend another particular.,sonar.unused-variable,src/Controllers/AuthController.cs,191,201,Eliminar la variable no utilizada.
9120a109-5e1c-4e4f-b028-ee1bbb4ecf9d,dbee0722-2694-497d-a12a-0861f82a465e,high,Metodo demasiado largo (>100 lineas),Hard day to save commercial mean quickly station friend.,sonar.long-method,src/Services/NotificationService.cs,234,242,Dividir el metodo en unidades mas pequenas y cohesivas.
